bundleId,name,slug,status,bestUrl,appStoreUrl,source,confidence,pageTitle,notes
"com.tumult.Hype4","Hype4","hype4","unreported","https://tumult.com/hype/","https://apps.apple.com/us/app/hype-4/id1460330618?mt=12&uo=4","itunes-seller","high","","MAS: Hype 4 v4.1.21"
"cn.3uTools.mac","3uTools","3utools","unreported","http://www.3u.com/","","reverse-dns","medium","3uTools – All-in-One iOS Device Management & Flash Tool","candidate 3utools.cn; rel=1.00"
"com.mediahuman.Audio Converter","MediaHuman Audio Converter","mediahuman-audio-converter","unreported","https://www.mediahuman.com/en23/","","reverse-dns","medium","MediaHuman - multimedia software for macOS, Windows and Linux","candidate mediahuman.com; rel=0.33"
"com.tamarack-software.TestGen","TestGen","testgen","unreported","https://tamarack-software.com/","","reverse-dns","medium","Tamarack Software","candidate tamarack-software.com; rel=0.00"
"com.epson.EPSON_Software_Updater","EPSON Software Updater","epson-software-updater","unreported","https://epson.com/","","reverse-dns","medium","Epson Global Portal","candidate epson.com; rel=0.33"
"pl.com.salsoft.SQLiteStudio","SQLiteStudio","sqlitestudio","unreported","https://salsoft.com.pl/","","reverse-dns","medium","","candidate salsoft.com.pl; rel=0.00"
"de.clipgrab.ClipGrab","ClipGrab","clipgrab","unreported","https://clipgrab.de/","","reverse-dns","medium","ClipGrab - Downloader und Converter für YouTube & Co","candidate clipgrab.de; rel=1.00"
"net.scribus","Scribus","scribus","unreported","https://scribus.com/","","reverse-dns","medium","","candidate scribus.com; rel=1.00"
"com.synology.DSAssistant","DSAssistant","dsassistant","unreported","https://www.synology.com/en-global","","reverse-dns","medium","Synology Inc.","candidate synology.com; rel=0.00"
"com.syniumsoftware.macfamilytree11","MacFamilyTree 11","macfamilytree-11","native","https://www.syniumsoftware.com/macfamilytree","https://apps.apple.com/us/app/macfamilytree-11/id6480510488?mt=12&uo=4","itunes-seller","high","","MAS: MacFamilyTree 11 v11.2.3"
"io.ente.auth.mac","Ente Auth","ente-auth","native","https://ente.com/","","reverse-dns","medium","","candidate ente.io; rel=0.50"
"com.cron.electron","Notion Calendar","notion-calendar","unreported","https://www.notion.com/product/calendar","","web-search","high","","web: official product page (web search)"
"com.zeroonetwenty.FileInsight","FileInsight","fileinsight","unreported","https://apps.apple.com/us/app/fileinsight/id777031670?mt=12&uo=4","https://apps.apple.com/us/app/fileinsight/id777031670?mt=12&uo=4","itunes-appstore","high","","MAS: FileInsight v1.4"
"com.samsung.SmartSwitch","SmartSwitch","smartswitch","native","https://www.samsung.com/us/","","reverse-dns","medium","Samsung US | Mobile | TV | Home Electronics | Home Appliances | Samsung US","candidate samsung.com; rel=0.00"
"FlashForge.FlashPrint5","FlashPrint","flashprint","unreported","https://www.flashforge.com/pages/download-center","","web-search","high","","web: FlashForge official download center"
"com.cyberbotics.webots","Webots","webots","native","https://cyberbotics.com/","","reverse-dns","medium","Cyberbotics: Robotics simulation with Webots","candidate cyberbotics.com; rel=1.00"
"com.abacus.Image-Viewer","Image Viewer","image-viewer","unreported","https://spend.emburse.com/login","","reverse-dns","medium","Emburse Spend","candidate abacus.com; rel=0.00"
"com.garmin.renu.client","Garmin Express","garmin-express","unreported","https://www.garmin.com/en-US/","","reverse-dns","medium","Garmin Official Site","candidate garmin.com; rel=0.50"
"com.macphun.aurorahdr2018mas","Aurora HDR 2018","aurora-hdr-2018","unreported","https://skylum.com/aurorahdr","","web-search","medium","","web: Skylum (formerly Macphun); product discontinued"
"org.R-project.R","R","r","native","https://www.r-project.org/","","reverse-dns","medium","R: The R Project for Statistical Computing","candidate r-project.org; rel=0.00"
"com.readmeansrun.Router","Router","router","native","https://readmeansrun.com/router/","https://apps.apple.com/us/app/router/id1229416813?mt=12&uo=4","itunes-seller","high","","MAS: Router v1.11.11"
"com.eteks.sweethome3d.SweetHome3D","Sweet Home 3D","sweet-home-3d","native","https://apps.apple.com/us/app/sweet-home-3d-plan-your-house/id669289700?mt=12&uo=4","https://apps.apple.com/us/app/sweet-home-3d-plan-your-house/id669289700?mt=12&uo=4","itunes-appstore","high","","MAS: Sweet Home 3D Plan Your House v7.6.6"
"io.tailscale.ipn.macos","Tailscale","tailscale","native","https://tailscale.com","https://apps.apple.com/us/app/tailscale/id1475387142?mt=12&uo=4","itunes-seller","high","","MAS: Tailscale v1.98.5"
"yury.golubinsky.XstereO-Player","XstereO Player","xstereo-player","unreported","http://urixblog.com","https://apps.apple.com/us/app/xstereo-player/id475195500?mt=12&uo=4","itunes-seller","high","","MAS: XstereO Player v4.2"
"uk.co.bbc.iplayer.downloads","BBC iPlayer Downloads","bbc-iplayer-downloads","unreported","https://www.bbc.co.uk/","","reverse-dns","medium","BBC - Home","candidate bbc.co.uk; rel=0.33"
"com.assess.assessment","Assessment Viewer","assessment-viewer","unreported","https://assess.com/","","reverse-dns","medium","Smarter solutions for Certification &amp; Education | Assessment Systems","candidate assess.com; rel=0.50"
"de.twocent.notary.app","Notary","notary","native","http://twocent.de/","","reverse-dns","medium","","candidate twocent.de; rel=0.00"
"com.sdercolin.vlabeler","vLabeler","vlabeler","native","https://sdercolin.com/","","reverse-dns","medium","fantasia","candidate sdercolin.com; rel=0.00"
"com.apimac.iDatabaseMac","iDatabase","idatabase","native","http://www.apimac.com/mac/idatabase","https://apps.apple.com/us/app/idatabase/id414104841?mt=12&uo=4","itunes-seller","high","","MAS: iDatabase v27.1.5"
"com.kobo.desktop.Kobo","Kobo","kobo","unreported","https://www.kobo.com/desktop","","web-search","high","","web: Kobo Desktop app page"
"com.epson.PhotoPlusTool","EpsonPhotoPlusTool","epsonphotoplustool","unreported","https://epson.com/","","reverse-dns","medium","Epson Global Portal","candidate epson.com; rel=0.00"
"com.epson.PhotoPlus","Epson Photo+","epson-photo","unreported","https://epson.com/","","reverse-dns","medium","Epson Global Portal","candidate epson.com; rel=0.50"
"com.epson.EpsonConnectPrinterSetup","Epson Connect Printer Setup","epson-connect-printer-setup","native","https://epson.com/","","reverse-dns","medium","Epson Global Portal","candidate epson.com; rel=0.25"
"org.openoffice.script","OpenOffice","openoffice","unreported","https://www.openoffice.org/","","reverse-dns","medium","Apache OpenOffice - Official Site - The Free and Open Productivity Suite","candidate openoffice.org; rel=1.00"
"com.rivafarabi.deckboard.server","Deckboard","deckboard","native","https://deckboard.app","","web-search","medium","","web: official site (Riva Farabi)"
"org.clindberg.ManOpen","ManOpen","manopen","unreported","https://clindberg.org/","","reverse-dns","medium","Carl E. Lindberg Home Page","candidate clindberg.org; rel=0.00"
"com.eastgate.Tinderbox-8","Tinderbox","tinderbox","native","https://eastgate.com/","","reverse-dns","medium","Eastgate: serious hypertext","candidate eastgate.com; rel=0.00"
"app.legcord.Legcord","Legcord","legcord","native","https://legcord.app/","","reverse-dns","medium","Legcord – Lightweight Discord Client","candidate legcord.app; rel=1.00"
"de.exactcode.ExactScan","ExactScan","exactscan","unreported","https://exactcode.de/","","reverse-dns","medium","ExactCODE - higher quality software","candidate exactcode.de; rel=0.00"
"com.uaudio.ua-connect","UA Connect","ua-connect","native","https://www.uaudio.com/","","reverse-dns","medium","","candidate uaudio.com; rel=0.00"
"com.bskyb.skygoplayer","Sky Go","sky-go","unreported","https://www.sky.com/watch/sky-go","","web-search","medium","","web: Sky UK"
"jp.co.canon.ij.scanutilitylite","Canon IJ Scan Utility Lite","canon-ij-scan-utility-lite","native","https://co.com/","","reverse-dns","medium","co.com","candidate co.com; rel=0.00"
"org.jdownloader.launcher","JDownloader2","jdownloader2","unreported","https://jdownloader.org/","","reverse-dns","medium","JDownloader.org - Official Homepage","candidate jdownloader.org; rel=0.00"
"dev.vendicated.vencordinstaller","VencordInstaller","vencordinstaller","unreported","https://vendicated.dev/","","reverse-dns","medium","V&#39;s Site","candidate vendicated.dev; rel=0.00"
"it.arubapec.ArubaSignLauncher","ArubaSign","arubasign","unreported","https://www.pec.it/","","reverse-dns","medium","PEC e Servizi Certificati Aruba: Firma, Fatturazione, DocFly, SPID | Pec.it","candidate arubapec.it; rel=0.00"
"com.allenheath.AvantisDirector","Avantis Director","avantis-director","unreported","https://allenheath.com/","","reverse-dns","medium","Redirecting...","candidate allenheath.com; rel=0.00"
"com.microsoft.wdav","Microsoft Defender","microsoft-defender","native","https://www.microsoft.com/en-us","","reverse-dns","medium","Microsoft – AI, Cloud, Productivity, Computing, Gaming &amp; Apps","candidate microsoft.com; rel=0.50"
"com.lowtechguys.rcmd","rcmd","rcmd","native","https://lowtechguys.com/rcmd","https://apps.apple.com/us/app/rcmd-classic/id1596283165?mt=12&uo=4","itunes-seller","high","","MAS: rcmd (classic) v2.7.1"
"com.quark.desktop","Quark","quark","native","https://www.quark.com/","","reverse-dns","medium","","candidate quark.com; rel=1.00; PARKED?"
"com.westbridge.stremio5-mac","Stremio","stremio","native","https://www.san-agrow.com/","","reverse-dns","medium","SAN Agrow – Passion for Innovation: SAN Agrow","candidate westbridge.com; rel=0.00"
"com.reolink.app","Reolink","reolink","unreported","https://reolink.com/","","reverse-dns","medium","Reolink Official: Security Cameras and Systems for Home & Business","candidate reolink.com; rel=1.00"
"jp.pioneer.pddm.bddrivefirmwareupdaterformac","PioneerDriveUtilityLiteForMac","pioneerdriveutilityliteformac","unreported","https://jpn.pioneer/ja/","","reverse-dns","medium","パイオニア株式会社","candidate pioneer.jp; rel=0.00"
"pe.edificia.qcma","qcma","qcma","unreported","https://www.edificia.pe/","","reverse-dns","medium","Edificia | Software de Edificios y Condominios","candidate edificia.com; rel=0.00"
"com.mikrotik.winbox","Winbox-mac","winbox-mac","native","https://mikrotik.com/","","reverse-dns","medium","MikroTik &middot; Routers and Wireless","candidate mikrotik.com; rel=0.00"
"ru.yandex.yamb","Yandex Messenger","yandex-messenger","native","https://sso.passport.yandex.ru/push?uuid=03fbe265-e5ca-4072-9fed-bac3ffafc342&retpath=https%3A%2F%2Fdzen.ru%2F%3Fyredirect%3Dtrue%26is_autologin_ya%3Dtrue","","reverse-dns","medium","","candidate yandex.ru; rel=0.50"
"com.fujitsu.pfu.ScanSnapHome","ScanSnapHomeMain","scansnaphomemain","native","https://www.pfu.ricoh.com/global/scanners/scansnap/sshome/","","web-search","high","","web: PFU/Ricoh ScanSnap Home (web search)"
"com.movavi.videoeditorplusappstore","Video Editor Movavi","video-editor-movavi","native","https://www.movavi.com","https://apps.apple.com/us/app/video-editor-movavi/id1388868440?mt=12&uo=4","itunes-seller","high","","MAS: Video Editor Movavi v26.16.2"
"AlexanderSeroshtan.Battery-Time-Lost","Battery Life Indicator","battery-life-indicator","native","https://apps.apple.com/us/app/battery-life-and-health/id976964316?mt=12&uo=4","https://apps.apple.com/us/app/battery-life-and-health/id976964316?mt=12&uo=4","itunes-appstore","high","","MAS: Battery Life and Health v2.1"
"ru.movavika.videoeditorplus26","Movavika Video Editor 26","movavika-video-editor-26","unreported","https://www.movavika.ru/mac.html","","reverse-dns","medium","Программы Мовавика (Movavi) для MacOS","candidate movavika.ru; rel=0.33"
"com.macpaw.site.theunarchiver","The Unarchiver","the-unarchiver","native","https://macpaw.com/","","reverse-dns","medium","MacPaw | Making Your Mac Life Simpler","candidate macpaw.com; rel=0.00"
"com.shayesapps.countdownApp","Countdown","countdown","native","https://countdowns-app.com","https://apps.apple.com/us/app/countdowns-event-countdown/id917514700?uo=4","itunes-seller","high","","MAS: Countdowns - Event Countdown v11.1.1"
"ru.yandex.desktop.yandex-browser","Yandex","yandex","unreported","https://sso.passport.yandex.ru/push?uuid=dc5682d4-e38f-4d91-bd2b-da7750439c7c&retpath=https%3A%2F%2Fdzen.ru%2F%3Fyredirect%3Dtrue%26is_autologin_ya%3Dtrue","","reverse-dns","medium","","candidate yandex.ru; rel=1.00"
"ru.yandex.desktop.music","Ru Yandex Desktop Music","ru-yandex-desktop-music","native","https://sso.passport.yandex.ru/push?uuid=f014d0be-9e18-41dc-a6e2-d9d700ba9e2a&retpath=https%3A%2F%2Fdzen.ru%2F%3Fyredirect%3Dtrue%26is_autologin_ya%3Dtrue","","reverse-dns","medium","","candidate yandex.ru; rel=0.33"
"com.movavi.videoeditorplus20","Movavi Video Editor Plus 2020","movavi-video-editor-plus-2020","unreported","https://www.movavi.com/mac.html","","reverse-dns","medium","Trusted Multimedia Software for your Mac | Movavi","candidate movavi.com; rel=0.20"
"com.mediaget.MediaGet","mediaget","mediaget","unreported","https://mediaget.com/","","reverse-dns","medium","Медиагет – Торрент-клиент с поиском и встроенным плеером","candidate mediaget.com; rel=1.00"
"com.nateparrott.Ball","Ball","ball","native","https://nateparrott.com/","","reverse-dns","medium","","candidate nateparrott.com; rel=0.00"
"com.pilotmoon.Dropshelf","Dropshelf","dropshelf","native","https://pilotmoon.com/","","reverse-dns","medium","Pilotmoon Software","candidate pilotmoon.com; rel=0.00"
"ltd.anybox.FolderPreview","Folder Preview","folder-preview","native","https://apps.apple.com/us/app/folder-preview/id6698876601?mt=12&uo=4","https://apps.apple.com/us/app/folder-preview/id6698876601?mt=12&uo=4","itunes-appstore","high","","MAS: Folder Preview v2.10"
"com.sindresorhus.Googly-Eyes","Googly Eyes","googly-eyes","native","https://sindresorhus.com/googly-eyes","https://apps.apple.com/us/app/googly-eyes/id6743048714?mt=12&uo=4","itunes-seller","high","","MAS: Googly Eyes v1.2.0"
"net.rafaelconde.Hand-Mirror","Hand Mirror","hand-mirror","native","https://handmirror.app","https://apps.apple.com/us/app/hand-mirror/id1502839586?mt=12&uo=4","itunes-seller","high","","MAS: Hand Mirror v4.0.4"
"com.anker.pcankerwork","AnkerWork","ankerwork","native","https://www.anker.com/","","reverse-dns","medium","Anker | Live Charged. - Anker US","candidate anker.com; rel=0.00"
"com.kangfenmao.CherryStudio","Cherry Studio","cherry-studio","native","https://kangfenmao.com/","","reverse-dns","medium","亢奋猫","candidate kangfenmao.com; rel=0.00"
"com.lukebuild.LuxShot","LuxShot","luxshot","native","https://github.com/lukebuild/LuxShot","","web-search","high","","web: official GitHub repo (web search)"
"com.alertus.AlertusDesktopClient","Alertus Desktop","alertus-desktop","native","https://www.alertus.com/","","reverse-dns","medium","Emergency Mass Notification Systems - Alertus Technologies","candidate alertus.com; rel=0.50"
"com.behringer.synthtool","SYNTHTRIBE","synthtribe","unreported","https://apps.apple.com/us/app/synthtribe/id1487038242?uo=4","https://apps.apple.com/us/app/synthtribe/id1487038242?uo=4","itunes-appstore","high","","MAS: SYNTHTRIBE v2.5.7"
"com.wdc.branded.driveutility","WD Drive Utilities","wd-drive-utilities","unreported","https://www.westerndigital.com/","","reverse-dns","medium","High-Capacity HDDs for PCs, NAS, Gaming, Data Centers, and AI Data Cycles | WD","candidate wdc.com; rel=0.00"
"org.localsend.localsendApp","LocalSend","localsend","native","https://localsend.org","https://apps.apple.com/us/app/localsend/id1661733229?uo=4","itunes-seller","high","","MAS: LocalSend v1.17.1"
"com.electron.asana","Asana","asana","native","https://asana.com/download","","web-search","high","","web: Asana official download"
"com.heroicgameslauncher.hgl","Heroic","heroic","native","https://heroicgameslauncher.com/","","reverse-dns","medium","Heroic Games Launcher — Free Epic, GOG &amp; Amazon Games Launcher","candidate heroicgameslauncher.com; rel=1.00"
"art.ginzburg.MiddleClick","MiddleClick","middleclick","native","https://github.com/artginzburg/MiddleClick","","web-search","high","","web: official GitHub repo"
"com.raycast.macos","Raycast","raycast","native","https://www.raycast.com/","","reverse-dns","medium","","candidate raycast.com; rel=1.00"
"com.bambosh.unofficialhomestuckcollection","The Unofficial Homestuck Collection","the-unofficial-homestuck-collection","unreported","https://bambosh.com/","","reverse-dns","medium","","candidate bambosh.com; rel=0.00"
"com.spotkin.ContraptionMaker","ContraptionMaker","contraptionmaker","unreported","https://spotkin.com/","","reverse-dns","medium","SPBUTOTO <> Daftar 5 Bandar Togel Deposit 5000 Dan 10 Situs Bo Togel Terpercaya Hadiah Tertinggi Di Asia","candidate spotkin.com; rel=0.00"
"ai.perplexity.comet","Comet","comet","native","https://www.perplexity.ai/comet","","web-search","high","","web: Perplexity Comet browser"
"com.electron.kando","Kando","kando","native","https://kando.menu","","web-search","medium","","web: open-source pie menu official site"
"com.silhouettesoftware.Silhouette-Studio","Silhouette Studio","silhouette-studio","unreported","https://www.silhouetteamerica.com/software/silhouette-studio","","web-search","high","","web: Silhouette America"
"whbalzac.Dongtaizhuomian","Dynamic Wallpaper","dynamic-wallpaper","native","https://apps.apple.com/us/app/dynamic-wallpaper-studio/id1453504509?mt=12&uo=4","https://apps.apple.com/us/app/dynamic-wallpaper-studio/id1453504509?mt=12&uo=4","itunes-appstore","high","","MAS: Dynamic Wallpaper Studio v25.4"
"com.charliemchapman.dark-noise","Dark Noise","dark-noise","native","https://darknoise.app","https://apps.apple.com/us/app/dark-noise-ambient-sounds/id1465439395?uo=4","itunes-seller","high","","MAS: Dark Noise: Ambient Sounds v3.5.2"
"com.blitz.app","Blitz","blitz","unreported","https://blitz.com/","","reverse-dns","medium","Blitz.com","candidate blitz.com; rel=1.00"
"io.jor.bugdom","Bugdom","bugdom","native","https://github.com/jorio","","reverse-dns","medium","","candidate jor.io; rel=0.00"
"com.panwriter.app","PanWriter","panwriter","native","https://panwriter.com/","","reverse-dns","medium","PanWriter","candidate panwriter.com; rel=1.00"
"com.privateinternetaccess.vpn","Private Internet Access","private-internet-access","native","https://www.privateinternetaccess.com/","","reverse-dns","medium","Private Internet Access: The Best VPN Service For 10+ Years","candidate privateinternetaccess.com; rel=1.00"
"com.infinitekind.MoneydanceOSX","Moneydance","moneydance","unreported","https://infinitekind.com","https://apps.apple.com/us/app/moneydance-2024/id538911179?mt=12&uo=4","itunes-seller","high","","MAS: Moneydance 2024 v2024.4"
"com.redgiant.MagicBullet-Suite-Installer","Magic Bullet Suite Installer","magic-bullet-suite-installer","native","https://www.maxon.net/en/red-giant","","reverse-dns","medium","","candidate redgiant.com; rel=0.00"
"org.spek-project","Spek","spek","unreported","https://www.spek.cc/","","reverse-dns","medium","Spek — Acoustic spectrum analyser | Alexander Kojevnikov | Substack","candidate spek-project.org; rel=1.00"
"org.amnezia.awg","AmneziaWG","amneziawg","native","https://amnezia.org/","https://apps.apple.com/us/app/amneziawg/id6478942365?uo=4","itunes-seller","high","","MAS: AmneziaWG v2.0.2"
"com.yourcompany.AmneziaVPN","AmneziaVPN","amneziavpn","unreported","https://amnezia.org","","web-search","high","","web: official site"
"com.digiarty.VideoProc","VideoProc Converter AI","videoproc-converter-ai","native","https://www.videoproc.com","","web-search","high","","web: Digiarty VideoProc"
"io.ganeshrvel.openmtp","OpenMTP","openmtp","native","https://www.ganeshrvel.com/","","reverse-dns","medium","Ganesh Rathinavel","candidate ganeshrvel.com; rel=0.00"
"com.softorino.can","CleanAppsNow","cleanappsnow","native","https://softorino.com/","","reverse-dns","medium","Softorino | Tiny Apps That Make Your Life Simple","candidate softorino.com; rel=0.00"
"com.alienator88.Pearcleaner","Pearcleaner","pearcleaner","native","https://github.com/alienator88/Pearcleaner","","web-search","high","","web: official GitHub repo"
"app.yaak.desktop","Yaak","yaak","native","https://yaak.app/","","reverse-dns","medium","Yaak – The API client for modern developers","candidate yaak.app; rel=1.00"
"com.jelleglebbeek.youtube-dl-gui","Open Video Downloader","open-video-downloader","native","https://jelleglebbeek.com/","","reverse-dns","medium","Jelle Glebbeek - Portfolio","candidate jelleglebbeek.com; rel=0.00"
"ch.laurinbrandner.nuage","Nuage","nuage","native","http://laurinbrandner.ch/","","reverse-dns","medium","","candidate laurinbrandner.ch; rel=0.00"
"co.audius.app","Audius","audius","native","https://audius.co/","","reverse-dns","medium","Audius — Free Music Streaming for Artists, Labels &amp; Fans","candidate audius.co; rel=1.00"
"io.freetubeapp.freetube","FreeTube","freetube","native","https://freetubeapp.io/","","reverse-dns","medium","FreeTube - The Private YouTube Client","candidate freetubeapp.io; rel=1.00"
"com.ikmultimedia.SampleTank3InstrumentsInstaller","SampleTank 3 Instruments Installer","sampletank-3-instruments-installer","unreported","https://www.ikmultimedia.com/","","reverse-dns","medium","IK MULTIMEDIA. SOUND BETTER.","candidate ikmultimedia.com; rel=0.00"
"com.applied-acoustics.String Studio VS-3","String Studio VS-3","string-studio-vs-3","native","https://www.applied-acoustics.com/","","reverse-dns","medium","AAS—Instruments, synthesizer, and effect plug-ins based on physical modeling VST AU AAX","candidate applied-acoustics.com; rel=0.00"
"com.nchsoftware.wavepadfree","WavePad Audio Editor","wavepad-audio-editor","native","http://www.nch.com.au/wavepad/index.html","https://apps.apple.com/us/app/wavepad-audio-editor/id970044455?mt=12&uo=4","itunes-seller","high","","MAS: WavePad Audio Editor v24.31"
"com.ikmultimedia.ARC4","ARC 4","arc-4","native","https://www.ikmultimedia.com/","","reverse-dns","medium","IK MULTIMEDIA. SOUND BETTER.","candidate ikmultimedia.com; rel=0.00"
"com.applied-acoustics.Multiphonics CV-3 Synth","Multiphonics CV-3 Synth","multiphonics-cv-3-synth","native","https://www.applied-acoustics.com/","","reverse-dns","medium","AAS—Instruments, synthesizer, and effect plug-ins based on physical modeling VST AU AAX","candidate applied-acoustics.com; rel=0.00"
"com.ikmultimedia.MODODRUM","MODO DRUM","modo-drum","native","https://www.ikmultimedia.com/","","reverse-dns","medium","IK MULTIMEDIA. SOUND BETTER.","candidate ikmultimedia.com; rel=0.00"
"com.ikmultimedia.MODOBASS2","MODO BASS 2","modo-bass-2","native","https://www.ikmultimedia.com/","","reverse-dns","medium","IK MULTIMEDIA. SOUND BETTER.","candidate ikmultimedia.com; rel=0.00"
"com.focusrite.FocusriteControl","Focusrite Control","focusrite-control","native","https://focusrite.com/","","reverse-dns","medium","Focusrite | Audio Interfaces and Pro Audio Equipment","candidate focusrite.com; rel=0.50"
"com.ikmultimedia.AmpliTube5","AmpliTube 5","amplitube-5","native","https://www.ikmultimedia.com/","","reverse-dns","medium","IK MULTIMEDIA. SOUND BETTER.","candidate ikmultimedia.com; rel=0.00"
"com.applied-acoustics.AAS Player","AAS Player","aas-player","native","https://www.applied-acoustics.com/","","reverse-dns","medium","AAS—Instruments, synthesizer, and effect plug-ins based on physical modeling VST AU AAX","candidate applied-acoustics.com; rel=0.50"
"com.geranium-soft.avchdtomov","AVCHD to Mov Lite","avchd-to-mov-lite","unreported","http://www.geranium-soft.com/products/free-avchd-to-mov/","https://apps.apple.com/us/app/avchd-to-mov-lite/id675103877?mt=12&uo=4","itunes-seller","high","","MAS: AVCHD to Mov Lite v2.2.5"
"com.ikmultimedia.app.syntronik","Syntronik","syntronik","unreported","https://www.ikmultimedia.com/","","reverse-dns","medium","IK MULTIMEDIA. SOUND BETTER.","candidate ikmultimedia.com; rel=0.00"
"com.focusrite.SaffireMixControl2","Saffire MixControl","saffire-mixcontrol","unreported","https://focusrite.com/","","reverse-dns","medium","Focusrite | Audio Interfaces and Pro Audio Equipment","candidate focusrite.com; rel=0.00"
"com.ikmultimedia.PH2","Philharmonik 2","philharmonik-2","unreported","https://www.ikmultimedia.com/","","reverse-dns","medium","IK MULTIMEDIA. SOUND BETTER.","candidate ikmultimedia.com; rel=0.00"
"com.ikmultimedia.Syntronik2","Syntronik 2","syntronik-2","native","https://www.ikmultimedia.com/","","reverse-dns","medium","IK MULTIMEDIA. SOUND BETTER.","candidate ikmultimedia.com; rel=0.00"
"com.ikmultimedia.SampleTron2","SampleTron 2","sampletron-2","native","https://www.ikmultimedia.com/","","reverse-dns","medium","IK MULTIMEDIA. SOUND BETTER.","candidate ikmultimedia.com; rel=0.00"
"com.ikmultimedia.sampletank4","SampleTank 4","sampletank-4","native","https://www.ikmultimedia.com/","","reverse-dns","medium","IK MULTIMEDIA. SOUND BETTER.","candidate ikmultimedia.com; rel=0.00"
"com.eltima.cmd1.pro.mas","Commander One PRO","commander-one-pro","native","https://ftp-mac.com/pro-file-manager.html?utm_source=appstore&utm_medium=referral&utm_campaign=c1pro","https://apps.apple.com/us/app/commander-one-pro-ftp-cloud/id1035237815?mt=12&uo=4","itunes-seller","high","","MAS: Commander One PRO: FTP & Cloud v3.17.2"
"com.starming.SwiftPamphletAppByMing","Starming SwiftPamphletAppByMing","starming-swiftpamphletappbyming","native","https://apps.apple.com/us/app/%E6%88%B4%E9%93%AD%E7%9A%84%E5%B0%8F%E5%86%8C%E5%AD%90/id1609702529?mt=12&uo=4","https://apps.apple.com/us/app/%E6%88%B4%E9%93%AD%E7%9A%84%E5%B0%8F%E5%86%8C%E5%AD%90/id1609702529?mt=12&uo=4","itunes-appstore","high","","MAS: 戴铭的小册子 v6.6.9"
"com.lego.ev3","MINDSTORMS Home","mindstorms-home","unreported","https://www.lego.com/en-us/themes/mindstorms","","web-search","medium","","web: LEGO (EV3 software discontinued)"
"qnap.com.qfinder","Qfinder Pro","qfinder-pro","unreported","https://www.qnap.com/en/utilities/essentials","","web-search","high","","web: QNAP utilities"
"com.macblurayplayer.BlurayPlayer","Macgo Blu-ray Player","macgo-blu-ray-player","unreported","https://www.macblurayplayer.com/macgo-mac-bluray-menu-player-pro.htm","https://apps.apple.com/us/app/macgo-blu-ray-player/id1321354161?mt=12&uo=4","itunes-seller","high","","MAS: Macgo Blu-ray Player v3.3.23"
"com.suunto.Suuntolink","Suuntolink","suuntolink","unreported","https://www.suunto.com/","","reverse-dns","medium","Suunto sports watches, dive products, compasses and accessories","candidate suunto.com; rel=0.00"
"dev.onlook.studio","Onlook","onlook","native","https://www.onlook.com/","","reverse-dns","medium","Onlook — Cursor for Designers","candidate onlook.dev; rel=1.00"
"de.hohnstaedt.xca","xca","xca","native","https://apps.apple.com/us/app/xca/id1563732616?mt=12&uo=4","https://apps.apple.com/us/app/xca/id1563732616?mt=12&uo=4","itunes-appstore","high","","MAS: XCA v2.9.0"
"com.scssoft.ats","American Truck Simulator","american-truck-simulator","unreported","https://www.scssoft.com/","","reverse-dns","medium","SCS Software – Simulation games development since 1997","candidate scssoft.com; rel=0.00"
"com.fing.app","Fing","fing","unreported","https://www.fing.com/","","reverse-dns","medium","","candidate fing.com; rel=1.00; PARKED?"
"com.nordsec.nordpass","NordPass","nordpass","unreported","https://nordsecurity.com/","","reverse-dns","medium","Digital security and privacy for everyone - Nord Security","candidate nordsec.com; rel=0.00"
"com.spritec.supertab","SuperTab","supertab","unreported","https://supertab.me","","web-search","medium","","web: SpriTec Software official domain (web search)"
"com.c-command.EagleFiler","EagleFiler","eaglefiler","unreported","https://c-command.com/eaglefiler","https://apps.apple.com/us/app/eaglefiler/id414232012?mt=12&uo=4","itunes-seller","high","","MAS: EagleFiler v1.9.20"
"com.radiosilenceapp.client","Radio Silence","radio-silence","native","https://radiosilenceapp.com/","","reverse-dns","medium","Radio Silence | Network monitor and firewall for Mac","candidate radiosilenceapp.com; rel=1.00"
"com.iis.fraunhofer.easyDCP-Player-","easyDCP Player+","easydcp-player","unreported","https://www.infinityinfusion.com/","","reverse-dns","medium","Infinity Infusion Solutions | Transforming Infusion Access","candidate iis.com; rel=0.00"
"com.yourcompany.LibreCAD","LibreCAD","librecad","unreported","https://librecad.org","","web-search","high","","web: LibreCAD official site"
"com.symantec.VIP-Access","VIP Access","vip-access","unreported","https://www.broadcom.com/products/cybersecurity","","reverse-dns","medium","Symantec™ Enterprise Cloud Cyber Security","candidate symantec.com; rel=0.00"
"com.jabra.directonline","Jabra Direct","jabra-direct","native","https://www.jabra.com/","","reverse-dns","medium","Jabra | Built for work. Designed for freedom.","candidate jabra.com; rel=0.50"
"com.cloudflare.1dot1dot1dot1.macos","Cloudflare WARP","cloudflare-warp","native","https://www.cloudflare.com/","","reverse-dns","medium","Cloudflare: Build for the agent era","candidate cloudflare.com; rel=0.50"
"com.trankynam.XtraFinder","XtraFinder","xtrafinder","native","https://trankynam.com/","","reverse-dns","medium","Tran Ky Nam Software","candidate trankynam.com; rel=0.00"
"com.electron.hoobs-client","hoobs-client","hoobs-client","native","https://hoobs.org","","web-search","high","","web: HOOBS official site"
"pro.docklock.plus","DockLock+","docklock","native","https://docklockpro.com/?utm_source=mas&utm_medium=listing&utm_content=pro.docklock.plus&utm_campaign=us","https://apps.apple.com/us/app/docklock-plus/id6743010619?mt=12&uo=4","itunes-seller","high","","MAS: DockLock Plus v2.1.0"
"com.makemkv.MakeMKV","MakeMKV","makemkv","native","https://makemkv.com/","","reverse-dns","medium","MakeMKV - Make MKV from Blu-ray and DVD","candidate makemkv.com; rel=1.00"
"com.audioblast.RaveGenerator3","RaveGenerator3","ravegenerator3","native","https://www.audioblast.me/product/rave-generator-3/","","web-search","high","","web: Audio Blast (web search)"
"com.gabagool.karaoke","Gabagool Karaoke","gabagool-karaoke","native","https://gabagool.com/","","reverse-dns","medium","","candidate gabagool.com; rel=0.50"
"com.bean-osx.Bean","Bean","bean","native","https://bean-osx.com/","","reverse-dns","medium","","candidate bean-osx.com; rel=1.00"
"app.msty.app","Msty","msty","native","https://msty.ai/","","reverse-dns","medium","Msty AI | Private AI Workspace &amp; Autonomous AI Agent | msty.ai","candidate msty.app; rel=1.00"
"PTL.FluoroCT","FluoroCT","fluoroct","unreported","http://fluoroct.com/","","reverse-dns","medium","","candidate fluoroct.com; rel=1.00"
"com.lasersoft-imaging.SilverFast9","SilverFast 9","silverfast-9","native","https://www.silverfast.com","","web-search","high","","web: LaserSoft Imaging"
"com.easyeda.pro","EasyEDA Pro","easyeda-pro","native","https://easyeda.com/","","reverse-dns","medium","EasyEDA - Online PCB design &amp; circuit simulator","candidate easyeda.com; rel=0.50"
"com.wacom.WacomCenter","Wacom Center","wacom-center","native","https://www.wacom.com/en-us","","reverse-dns","medium","","candidate wacom.com; rel=0.50"
"com.openmedia.4kvideodownloaderplus","4K Video Downloader+","4k-video-downloader","unreported","http://www.openmedia.com/","","reverse-dns","medium","Explosive Business Growth Strategies through Marketing Innovation Presented By OpenMedia.Com","candidate openmedia.com; rel=0.00"
"com.projectlibre1.main","ProjectLibre","projectlibre","native","https://www.projectlibre.com","","web-search","high","","web: ProjectLibre official site"
"org.musicbrainz.Picard","MusicBrainz Picard","musicbrainz-picard","unreported","https://musicbrainz.org/","","reverse-dns","medium","MusicBrainz - the open music encyclopedia","candidate musicbrainz.org; rel=0.50"
"com.gao.MoticImageDevices","MoticImageDevices","moticimagedevices","unreported","https://www.motic.com","","web-search","medium","","web: Motic"
"com.jaspersoft.studio.rcp.product","Jaspersoft Studio","jaspersoft-studio","unreported","https://www.jaspersoft.com/","","reverse-dns","medium","Embedded Analytics &amp; Reporting Platform | Jaspersoft","candidate jaspersoft.com; rel=0.50"
"notion.mail.id","Notion Mail","notion-mail","native","https://www.mail.com/","","reverse-dns","medium","Free email accounts with mail.com | Log in here or register today","candidate mail.com; rel=0.50; PARKED?"
"video.fathom.electron","Fathom","fathom","native","https://www.fathomhq.com/","","reverse-dns","medium","Fathom | Reporting Forecasting and Consolidation Software","candidate fathom.com; rel=1.00"
"com.hp.EasyScanMac","HP Easy Scan","hp-easy-scan","native","https://apps.apple.com/us/app/hp-easy-scan/id967004861?mt=12&uo=4","https://apps.apple.com/us/app/hp-easy-scan/id967004861?mt=12&uo=4","itunes-appstore","high","","MAS: HP Easy Scan v2.0.0"
"com.canon.Digital-Photo-Professional-4","Digital Photo Professional 4","digital-photo-professional-4","native","https://global.canon/en/?utm_source=canon.com&utm_medium=referral&utm_campaign=top","","reverse-dns","medium","Canon Global","candidate canon.com; rel=0.00"
"com.Garritan.CFX Concert Grand","CFX Concert Grand","cfx-concert-grand","unreported","https://www.garritan.com/","","reverse-dns","medium","Garritan - World-Class Virtual Instruments &amp; Sound Libraries","candidate garritan.com; rel=0.00"
"com.syniumsoftware.ifinance5","iFinance 5 Demo","ifinance-5-demo","native","https://www.syniumsoftware.com/ifinance","https://apps.apple.com/us/app/ifinance-5/id1500241909?uo=4","itunes-seller","high","","MAS: iFinance 5 v5.5.7"
"org.grisbi.Grisbi","Grisbi","grisbi","unreported","https://grisbi.com/","","reverse-dns","medium","grisbi.com - Cloud-based accounting system","candidate grisbi.com; rel=1.00"
"org.gnucash.Gnucash","Gnucash","gnucash","native","https://gnucash.org/","","reverse-dns","medium","Free Accounting Software | GnuCash","candidate gnucash.org; rel=1.00"
"com.mersive.solstice.client","Solstice","solstice","unreported","https://www.mersive.com/","","reverse-dns","medium","Mersive Technologies &#8211; Igniting collaborative potential.","candidate mersive.com; rel=0.00"
"2dust.v2rayN","v2rayN","v2rayn","native","https://v2rayn.com/","","reverse-dns","medium","","candidate v2rayn.com; rel=1.00; PARKED?"
"com.cricut.design","Cricut Design Space","cricut-design-space","unreported","https://cricut.com/en-us/","","reverse-dns","medium","Cricut® | Smart Cutting Machines, Materials, Tools &amp; More","candidate cricut.com; rel=0.33"
"com.risingsoftware.auralia5student","Auralia 5 Student","auralia-5-student","unreported","https://www.risingsoftware.com/","","reverse-dns","medium","Auralia & Musition","candidate risingsoftware.com; rel=0.50"
"com.1c.v8.apps.1cestartt","1cestartt","1cestartt","unreported","https://1c.com/","","reverse-dns","medium","1C Company","candidate 1c.com; rel=0.00"
"org.deskflow.deskflow","Deskflow","deskflow","native","https://github.com/deskflow/deskflow","","reverse-dns","medium","","candidate deskflow.org; rel=1.00"
"io.nwjs.nw","UNDERTALE","undertale","unreported","https://nwjs.io/","","reverse-dns","medium","NW.js","candidate nwjs.io; rel=0.00"
"com.logi.optionsplus","logioptionsplus","logioptionsplus","native","https://www.logitech.com/en-us/software/logi-options-plus.html","","web-search","high","","web: Logi Options+ official page"
"com.adamgryu.AShortHike","A Short Hike","a-short-hike","unreported","https://adamgryu.com/","","reverse-dns","medium","adam's cool website","candidate adamgryu.com; rel=0.00"
"com.ip18.SubManager","SubManager","submanager","native","https://submanager.app","https://apps.apple.com/us/app/submanager-track-subs/id1632853914?uo=4","itunes-seller","high","","MAS: SubManager: Track Subs v1.8.5"
"com.fortinet.FortiClient","FortiClient","forticlient","native","http://www.forticlient.com","https://apps.apple.com/us/app/forticlient-6-0/id525600370?uo=4","itunes-seller","high","","MAS: FortiClient 6.0 v6.0.5"
"codes.rambo.VirtualBuddy","VirtualBuddy","virtualbuddy","native","https://rambo.com/","","reverse-dns","medium","","candidate rambo.com; rel=0.00"
"com.planner5d.Planner-5D.macOS","Planner 5D","planner-5d","unreported","https://planner5d.com","https://apps.apple.com/us/app/planner-5d-ai-home-design/id1310584536?mt=12&uo=4","itunes-seller","high","","MAS: Planner 5D - AI Home Design v5.18.0"
"com.macxdvd.macxvideoconverterpro","MacX DVD Ripper Pro","macx-dvd-ripper-pro","unreported","https://www.macxdvd.com/","","reverse-dns","medium","[Official] MacXDVD: Mac DVD Ripper, AI Video Enhancer & Converter, iPhone Transfer","candidate macxdvd.com; rel=0.75"
"org.jousse.vincent.Pomodorolm","pomodorolm","pomodorolm","native","http://jousse.org/","","reverse-dns","medium","Caddy works!","candidate jousse.org; rel=0.00"
"org.kde.Kate","Kate","kate","native","https://kde.org/","","reverse-dns","medium","Home - KDE Community","candidate kde.org; rel=0.00"
"com.b2cloud.ios.dreamlab","DreamLab","dreamlab","native","https://apps.apple.com/au/app/dreamlab-powering-research/id1273619275","https://apps.apple.com/au/app/dreamlab-powering-research/id1273619275","web-search","medium","","web: Vodafone Foundation (iOS app runs on Apple Silicon)"
"io.beekeeperstudio.desktop","Beekeeper Studio","beekeeper-studio","native","https://www.beekeeperstudio.io/","","reverse-dns","medium","The SQL Editor and Database Manager Of Your Dreams | Beekeeper Studio","candidate beekeeperstudio.io; rel=1.00"
"emoRaivis.MacMorpheus","MacMorpheus","macmorpheus","unreported","https://github.com/emoRaivis/MacMorpheus","","web-search","high","","web: official GitHub repo (web search)"
"stream.yattee.app","Yattee","yattee","native","https://yattee.com/","","reverse-dns","medium","","candidate yattee.com; rel=1.00"
"com.todesktop.230313mzl4w4u92","Cursor","cursor","native","https://www.todesktop.com/","","reverse-dns","medium","ToDesktop","candidate todesktop.com; rel=0.00"
"net.langui.WebPViewer","WebPViewer","webpviewer","unreported","https://apps.apple.com/us/app/webp-viewer-quick-look-view/id1323414118?mt=12&uo=4","https://apps.apple.com/us/app/webp-viewer-quick-look-view/id1323414118?mt=12&uo=4","itunes-appstore","high","","MAS: WebP Viewer: quick look & view v1.0"
"com.omnigroup.OmniDiskSweeper","OmniDiskSweeper","omnidisksweeper","native","https://www.omnigroup.com/","","reverse-dns","medium","The Omni Group","candidate omnigroup.com; rel=0.00"
"com.bambulab.bambu-studio","Bambu Studio","bambu-studio","native","https://bambulab.com/en/download/studio","","web-search","high","","web: Bambu Lab official download"
"com.scaleft.ScaleFT","ScaleFT","scaleft","native","https://www.okta.com/products/advanced-server-access/","","reverse-dns","medium","Advanced Server Access | Okta","candidate scaleft.com; rel=1.00"
"jp.co.sonystoragemedia.MemoryCardFileRescue","Memory Card File Rescue","memory-card-file-rescue","native","https://sonystoragemedia.co.jp/","","reverse-dns","medium","ソニーストレージメディア株式会社","candidate sonystoragemedia.co.jp; rel=0.00"
"com.datacolor.spyderX2","Spyder X2","spyder-x2","native","https://www.datacolor.com/","","reverse-dns","medium","Color Management Tools - Color Management | Datacolor","candidate datacolor.com; rel=0.00"
"com.canon.EOS-Lens-Registration-Tool","EOS Lens Registration Tool","eos-lens-registration-tool","unreported","https://global.canon/en/?utm_source=canon.com&utm_medium=referral&utm_campaign=top","","reverse-dns","medium","Canon Global","candidate canon.com; rel=0.00"
"com.canon.PictureStyleEditor","PictureStyleEditor","picturestyleeditor","unreported","https://global.canon/en/?utm_source=canon.com&utm_medium=referral&utm_campaign=top","","reverse-dns","medium","Canon Global","candidate canon.com; rel=0.00"
"com.canon.EOS-Utility","EOS Utility","eos-utility","unreported","https://global.canon/en/?utm_source=canon.com&utm_medium=referral&utm_campaign=top","","reverse-dns","medium","Canon Global","candidate canon.com; rel=0.00"
"com.cosmos.staging.safariextension","Cosmos Extension","cosmos-extension","native","https://cosmos.so","https://apps.apple.com/us/app/save-to-cosmos/id6443936486?mt=12&uo=4","itunes-seller","high","","MAS: Save to Cosmos v6.14.4"
"com.electron.ollama","Ollama","ollama","native","https://ollama.com","","web-search","high","","web: Ollama official site"
"com.rongyuan.driverElectron","EPOMAKER Driver","epomaker-driver","unreported","http://rongyuan.com/","","reverse-dns","medium","SiXiang.com 思乡思想 CityBBS.com 城市论坛 BJBBS.com 北京论坛 SHBBS.com 上海论坛 WorldOL.com 世界在线 - Powered by Discuz!","candidate rongyuan.com; rel=0.00"
"ru.yandex.desktop.disk2","Yandex.Disk.2","yandexdisk2","unreported","https://sso.passport.yandex.ru/push?uuid=ce2f75ee-b4a1-4a63-93cf-f35267c8a707&retpath=https%3A%2F%2Fdzen.ru%2F%3Fyredirect%3Dtrue%26is_autologin_ya%3Dtrue","","reverse-dns","medium","","candidate yandex.ru; rel=0.50"
"com.panic.CandyBar3","CandyBar","candybar","native","https://panic.com/","","reverse-dns","medium","Panic - We code apps, publish games, and make Playdate.","candidate panic.com; rel=0.00"
"com.pokerstars.PokerStars","PokerStars","pokerstars","native","https://www.pokerstars.com","","web-search","high","","web: PokerStars official site"
"com.electron.muteme-client","MuteMe-Client","muteme-client","native","https://muteme.com","","web-search","high","","web: MuteMe official site"
"com.alicloud.smartdrive","aDrive","adrive","native","https://www.alibabacloud.com/en?_p_lc=5","","reverse-dns","medium","Empower Your Business in USA &amp; Canada with Alibaba Cloud's Cloud Products &amp; Services","candidate alicloud.com; rel=0.00"
"st.angeldu.AngeldustOSX","Angeldust","angeldust","unreported","https://angeldu.st/en/","https://apps.apple.com/us/app/angeldust/id1042018823?mt=12&uo=4","itunes-seller","high","","MAS: Angeldust v3.36"
"es.gob.fnmt.cert.certrerquest","Configurador FNMT","configurador-fnmt","unreported","https://www.sede.fnmt.gob.es/descargas/descarga-software","","web-search","high","","web: Official FNMT-RCM (Spanish mint) e-office download page; offers macOS Configurador FNMT; bundleId es.gob.fnmt matches"
"es.gob.afirma.simpleafirma.osx","AutoFirma","autofirma","native","https://firmaelectronica.gob.es/ciudadanos/descargas","","web-search","high","","web: Official Spanish government e-signature portal download page for AutoFirma (macOS); bundleId es.gob.afirma matches"
"dev.zed.Zed","Zed","zed","native","https://zed.dev/","","reverse-dns","medium","","candidate zed.dev; rel=1.00"
"ch.shiftcrypto.wallet","BitBoxApp","bitboxapp","native","https://bitbox.swiss/","","reverse-dns","medium","BitBox | The easiest way to keep your coins safe","candidate shiftcrypto.ch; rel=0.00"
"com.intego.WashingMachine.application","Washing Machine","washing-machine","native","https://www.intego.com/","","reverse-dns","medium","","candidate intego.com; rel=0.00"
"com.greenworldsoft.syncfolderspro","Sync Folders Pro","sync-folders-pro","native","http://www.greenworldsoft.com","https://apps.apple.com/us/app/sync-folders-pro/id522706442?uo=4","itunes-seller","high","","MAS: Sync Folders Pro v1.2"
"com.install4j.6016-4451-6854-0741.2","Steuer St.Gallen 2023 nP","steuer-stgallen-2023-np","unreported","https://www.sg.ch/steuern-finanzen/steuern/elektronische-steuererklaerung/etaxnp.html","","web-search","high","","web: Canton St. Gallen official tax software (eTax/E-Tax SG) for natural persons (nP); generic install4j bundleId but app name identifies cantonal tax program"
"com.boltnev.Panorama-Stitcher","Panorama Stitcher","panorama-stitcher","native","https://www.panoramastitcher.com/","https://apps.apple.com/us/app/panorama-stitcher/id979573567?mt=12&uo=4","itunes-seller","high","","MAS: Panorama Stitcher v1.12.2"
"de.ninoxdb.ninox-mac.Ninox","Ninox Database","ninox-database","native","https://ninox.com/en-products/mac?utm_source=store-mac&utm_medium=store&utm_campaign=store-mac-us","https://apps.apple.com/us/app/ninox-database/id901110441?mt=12&uo=4","itunes-seller","high","","MAS: Ninox Database v3.19.0"
"com.macxdvd.macxvdoconverterpro","MacX Video Converter Pro","macx-video-converter-pro","unreported","https://www.macxdvd.com/","","reverse-dns","medium","[Official] MacXDVD: Mac DVD Ripper, AI Video Enhancer & Converter, iPhone Transfer","candidate macxdvd.com; rel=0.75"
"com.mactrackerapp.Mactracker","Mactracker","mactracker","native","https://mactracker.ca","https://apps.apple.com/us/app/mactracker/id430255202?mt=12&uo=4","itunes-seller","high","","MAS: Mactracker v8.2.3"
"com.hp.SmartMac","HP Smart","hp-smart","native","https://www.hp.com/hp-app","https://apps.apple.com/us/app/hp-print-and-support/id1474276998?mt=12&uo=4","itunes-seller","high","","MAS: HP: Print and Support v26.2.0"
"com.c-command.DropDMG","DropDMG","dropdmg","native","https://c-command.com/dropdmg","https://apps.apple.com/us/app/dropdmg/id414234859?mt=12&uo=4","itunes-seller","high","","MAS: DropDMG v3.7.1"
"com.splasm.audiobookbuilder2","Audiobook Builder","audiobook-builder","native","https://www.audiobookbuilderapp.com","https://apps.apple.com/us/app/audiobook-builder-2/id1437681957?mt=12&uo=4","itunes-seller","high","","MAS: Audiobook Builder 2 v2.2.9"
"com.HairerSoft.AmadeusPro","Amadeus Pro","amadeus-pro","unreported","http://www.hairersoft.com/pro.html","https://apps.apple.com/us/app/amadeus-pro/id438292371?mt=12&uo=4","itunes-seller","high","","MAS: Amadeus Pro v2.8.14"
"com.iriun.macwebcam","IriunWebcam","iriunwebcam","native","https://iriun.com/","","reverse-dns","medium","Iriun","candidate iriun.com; rel=0.00"
"com.cisdem.videoconverter","Cisdem Video Converter","cisdem-video-converter","unreported","https://www.cisdem.com/video-converter.html","https://apps.apple.com/us/app/cisdem-video-converter-lite/id1263727367?mt=12&uo=4","itunes-seller","high","","MAS: Cisdem Video Converter Lite v8.5.0"
"com.epson.Epson-Scan-2","Epson Scan 2","epson-scan-2","native","https://epson.com/","","reverse-dns","medium","Epson Global Portal","candidate epson.com; rel=0.50"
"com.epson.Document-Capture","Document Capture","document-capture","native","https://epson.com/","","reverse-dns","medium","Epson Global Portal","candidate epson.com; rel=0.00"
"ch.protonmail.desktop","Proton Mail","proton-mail","native","https://proton.me/mail","","reverse-dns","medium","Proton Mail: Get a free email account with privacy and encryption | Proton","candidate protonmail.ch; rel=1.00"
"com.electron.chat2db-local","Chat2DB Local","chat2db-local","native","https://chat2db.ai/","","web-search","high","","web: Official Chat2DB site (AI SQL client) with macOS download; also github.com/CodePhiliaX/Chat2DB"
"com.anthropic.claudefordesktop","Claude","claude","native","https://www.anthropic.com/","","reverse-dns","medium","Home \ Anthropic","candidate anthropic.com; rel=0.00"
"com.adobe.air.ApplicationInstaller","Adobe AIR Application Installer","adobe-air-application-installer","unreported","https://www.adobe.com/","","reverse-dns","medium","Adobe: Creative, marketing and document management solutions","candidate adobe.com; rel=0.25"
"com.adobe.air.Installer","Adobe AIR Installer","adobe-air-installer","unreported","https://www.adobe.com/","","reverse-dns","medium","Adobe: Creative, marketing and document management solutions","candidate adobe.com; rel=0.33"
"com.epson.ProjectManager","Epson Event Manager","epson-event-manager","unreported","https://epson.com/","","reverse-dns","medium","Epson Global Portal","candidate epson.com; rel=0.33"
"com.epson.Using-Epson-Scan-2","Using Epson Scan 2","using-epson-scan-2","native","https://epson.com/","","reverse-dns","medium","Epson Global Portal","candidate epson.com; rel=0.33"
"com.wikibuy.mac-app","Capital One Shopping","capital-one-shopping","native","https://capitaloneshopping.com","https://apps.apple.com/us/app/capital-one-shopping-extension/id1477110326?mt=12&uo=4","itunes-seller","high","","MAS: Capital One Shopping Extension v2.52.0"
"com.readdle.SparkDesktop.appstore","Spark Desktop","spark-desktop","native","https://sparkmailapp.com","https://apps.apple.com/us/app/spark-mail-ai-email-inbox/id6445813049?mt=12&uo=4","itunes-seller","high","","MAS: Spark Mail - AI Email & Inbox v3.29.4"
"com.retailmenot.RetailMeNot-Deal-Finder","RetailMeNot Codes & Cash Back","retailmenot-codes-and-cash-back","native","https://www.retailmenot.com/","https://apps.apple.com/us/app/retailmenot-codes-cash-back/id1588381926?mt=12&uo=4","itunes-seller","high","","MAS: RetailMeNot: Codes & Cash Back v1.11.0"
"com.ebates.safari","Rakuten Cash Back","rakuten-cash-back","native","https://www.rakuten.com/extension","https://apps.apple.com/us/app/rakuten-cash-back/id1451893560?mt=12&uo=4","itunes-seller","high","","MAS: Rakuten Cash Back v26.2.3"
"com.pixelmatorteam.pixelmator.touch.x.photo","Photomator","photomator","native","https://www.pixelmator.com/photomator/","https://apps.apple.com/us/app/photomator-photo-editor/id1444636541?uo=4","itunes-seller","high","","MAS: Photomator – Photo Editor v3.4.14"
"com.joinhoney","PayPal Honey","paypal-honey","native","http://joinhoney.com","https://apps.apple.com/us/app/paypal-honey-for-safari/id1472777122?mt=12&uo=4","itunes-seller","high","","MAS: PayPal Honey for Safari v19.1.2"
"com.malwarebytes.mbam.frontend.application","Malwarebytes","malwarebytes","native","https://www.malwarebytes.com/","","reverse-dns","medium","","candidate malwarebytes.com; rel=1.00"
"com.jlab.jlabwork","JLab Work","jlab-work","unreported","https://www.jlab.com/","","reverse-dns","medium","JLab: True Wireless Headphones, Earbuds, Microphones, Personal Audio","candidate jlab.com; rel=0.50"
"com.grammarly.safari.extension","Grammarly for Safari","grammarly-for-safari","native","https://grammarly.com","https://apps.apple.com/us/app/grammarly-ai-writing-app/id1462114288?mt=12&uo=4","itunes-seller","high","","MAS: Grammarly: AI Writing App v9.98.0"
"com.studiodrydock.mayflower","Wylde Flowers","wylde-flowers","native","https://wyldeflowersgame.com/","https://apps.apple.com/us/app/wylde-flowers/id1458605549?uo=4","itunes-seller","high","","MAS: Wylde Flowers v1.7.2"
"com.episodeinteractive.pinball","Episode XOXO","episode-xoxo","native","https://apps.apple.com/us/app/episode-xoxo/id1605250250?uo=4","https://apps.apple.com/us/app/episode-xoxo/id1605250250?uo=4","itunes-appstore","high","","MAS: Episode XOXO v1.1.0"
"com.epson.scan.Epson-ScanSmart","Epson ScanSmart","epson-scansmart","native","https://epson.com/","","reverse-dns","medium","Epson Global Portal","candidate epson.com; rel=0.50"
"com.epson.Epson-Scan-2-Utility","Epson Scan 2 Utility","epson-scan-2-utility","native","https://epson.com/","","reverse-dns","medium","Epson Global Portal","candidate epson.com; rel=0.33"
"com.epson.ijprinter.RemotePrintUtility","Epson Remote Print Utility","epson-remote-print-utility","native","https://epson.com/","","reverse-dns","medium","Epson Global Portal","candidate epson.com; rel=0.25"
"com.epson.printermonitoringagent","Epson Ink Replenishment Agent","epson-ink-replenishment-agent","unreported","https://epson.com/","","reverse-dns","medium","Epson Global Portal","candidate epson.com; rel=0.25"
"com.epson.firmwareupdater","Epson Firmware Updater","epson-firmware-updater","unreported","https://epson.com/","","reverse-dns","medium","Epson Global Portal","candidate epson.com; rel=0.33"
"net.domzilla.caffeine","Caffeine","caffeine","native","https://www.dominicrodemer.com/de/","","reverse-dns","medium","Dominic Rodemer - Software Entwickler","candidate domzilla.net; rel=0.00"
"com.jordanhipwell.datestamp","DateStamper","datestamper","native","https://datestamper.app","https://apps.apple.com/us/app/datestamper/id916281570?uo=4","itunes-seller","high","","MAS: DateStamper v10.1"
"net.archagon.sensible-side-buttons","SensibleSideButtons","sensiblesidebuttons","unreported","http://archagon.net/","","reverse-dns","medium","Archagon Was Here","candidate archagon.net; rel=0.00"
"com.logitech.unifying.assistant","Logitech Unifying Software","logitech-unifying-software","unreported","https://support.logi.com/hc/en-us/articles/360025297913-Unifying-Software","","web-search","high","","web: Official Logitech support page for Unifying Software (macOS); bundleId com.logitech matches"
"com.replay.Umbra","Umbra","umbra","native","https://replay.com/password","","reverse-dns","medium","Replay","candidate replay.com; rel=0.00"
"matthewyang204.unetbootin","unetbootin","unetbootin","native","http://cf.miniroad.store/middle.html?cs=http%3A%2F%2Fcf.miniroad.store%2Fapi%2Fv1&impId=vg6B0OjjeoFl8aRxGfgxqsm0H0Fj29sWWYgUWEBW002&ct=fe6WsbiCmjQZ48o_0vUjoTuAwrjTRMpAjY3pLfDmwuT_Z_CBQW64_8tQUY4E7FFdmB30Rc3hVV0R2Gy1PjuKtNXPb3V96uUa0gJSeMh2kDk7DWkuUJ0tTiLb6oY5lYgSD_UkFtuOB206R6vnzExDtBbB_ALWdRtAJFPnV6Njnklfvo6Gl-2_E6xo97uYBSLvWa0JTxL5LzMjgCnADt0HvFTzcJ53Xdl2nDzm8l3kVmvjeU-TEvDBK9LgPyRi7DynP8SQROn6fOGvp-zh87-Q5aR_OBaz5aXO1Zr7161qajxAV9hPu5CqFNdrmd9Qd2scHxmcpxswyFp91OqvBPBstS7pUOasXNqkXybMuYOa_fAQOAGU3u4E0lxuk5Db26zp_bASem4CJcVQd-4iFWmFvFBm-vOW-UucLk7wlSZgzXD5GoBL7QWIqdbcAmdBn_UCr5vmElY0u1iYa4N86kHYQIefNPLnadZw_gZtm_ajboW_neNZfMRTxq_KlkPAn2qAd6tpqgofBgxSR-lW4VXQh8Q3SGWPrkb3jDWP0Q1iPKN9aPze0mVcpmb1rOt5bAWm5BblPl_SUALOsmaU2-TLKZDzUr5jVBsmlxlWyRWcPVOJnKF21-6pqAzGU4wsHPyGQXfZG4RIajHUwE113B6eIksCJ3mMKpTeXeKB8hG3RA4odK2mg5HYN_W1XCVocAiKbpwT4oCVMP80JTlrtU8XefVjqtoIrLaz98wSF-g_bfzU4RlTOcDdPHX3bM0BxLL9bAqp4HW_uGHtuRzsZeHQ_hfHcO2GeYsEe6rcYUb9uxcfvnJ6oa0oD55Y7ZMtXeIN8gMVmcPFfdouSyhE6MmEEcaG4gnF4YwnbPQSr7y18s8a-6_jOd-ggdWUawZ66LjNgy3siBSkMaHCBUwVRzl0sdl-2VYCYnyNGlfKOs1dr0hWEkXpmfYnoL-uo0KVrIQS3wsA2h0GHdW_J2YWKxALud5n49o2E-9RH3jB6S-fuOlnMed1EP5Y6irib_1EwZLeUfNki_svUkTz3SpS_B3UBEYeOWxtdOWr6n0fH8ZKdHt-ujXFt4awwjv7XaYAB6IuVVQ1JDcjYAFt9YT3JM2CbJklAnwuKlFUyKLzGiyTkrTvv6TspFIh6PGQ9FTxeKP6GqFdPZkIUEoTsYeibMx_6V-L6_gopQ","","reverse-dns","medium","","candidate unetbootin.com; rel=1.00"
"com.surrealdb.surrealist","Surrealist","surrealist","native","https://surrealdb.com/","","reverse-dns","medium","SurrealDB | The context layer for AI agents","candidate surrealdb.com; rel=0.00"
"com.moogmusic.mariana","Mariana","mariana","native","https://www.moogmusic.com/products/apps","https://apps.apple.com/us/app/mariana-bass-synthesizer/id6449554307?uo=4","itunes-seller","high","","MAS: Mariana Bass Synthesizer v1.2.0"
"com.trendmicro.AFMAgent","AFMAgent","afmagent","native","https://www.trendmicro.com/en_us/business.html","","reverse-dns","medium","Trend Micro (US) | Global Enterprise AI Cybersecurity Platform","candidate trendmicro.com; rel=0.00"
"com.neo4j.neo4j-desktop","Neo4j Desktop","neo4j-desktop","unreported","https://neo4j.com/","","reverse-dns","medium","","candidate neo4j.com; rel=0.50"
"com.fortinet.fct.FortiClientFullInstaller","FortiClientFullInstaller","forticlientfullinstaller","native","https://www.fortinet.com/","","reverse-dns","medium","","candidate fortinet.com; rel=0.00"
"com.electron.mqttx","MQTTX","mqttx","native","https://mqttx.app/","","web-search","high","","web: Official MQTTX site by EMQX (cross-platform MQTT client, macOS); also github.com/emqx/MQTTX"
"com.fortinet.fct.FortiClientInstaller","FortiClientInstaller","forticlientinstaller","native","https://www.fortinet.com/","","reverse-dns","medium","","candidate fortinet.com; rel=0.00"
"co.palokaj.battery","battery","battery","native","https://palokaj.com/","","reverse-dns","medium","Welcome to www.palokaj.com","candidate palokaj.com; rel=0.00"
"com.anythingllm","AnythingLLM","anythingllm","native","https://anythingllm.com/","","reverse-dns","medium","AnythingLLM | The all-in-one AI application for everyone","candidate anythingllm.com; rel=1.00"
"com.Pilgway.-DCoat","3DCoat","3dcoat","unreported","https://pilgway.com/","","reverse-dns","medium","Pilgway | 3D Graphics Software : 3DCoat, 3DCoatTextura & Free 3DCoatPrint","candidate pilgway.com; rel=1.00"
"com.tencent.ilivesdk-tcic","TuritoWhiteboard","turitowhiteboard","unreported","https://www.tencent.com/","","reverse-dns","medium","Tencent 腾讯","candidate tencent.com; rel=0.00"
"com.netease.mumu.nemux-global","MuMuPlayer Pro","mumuplayer-pro","native","http://netease.com/","","reverse-dns","medium","����","candidate netease.com; rel=0.00"
"com.eMeet.eMeetLink","EMEETLINK","emeetlink","native","https://emeet.com/","","reverse-dns","medium","EMEET | AI Meets Creativity","candidate emeet.com; rel=0.00"
"com.ohzi.compress","Compress","compress","native","https://compress.mov/","https://apps.apple.com/us/app/compress-video-compressor/id1525616709?mt=12&uo=4","itunes-seller","high","","MAS: Compress - Video Compressor v5.6.2"
"com.logmein.hamachi","LogMeIn Hamachi","logmein-hamachi","unreported","https://www.logmein.com/","","reverse-dns","medium","LogMeIn: Remote Access Software &amp; Remote Support Solutions","candidate logmein.com; rel=0.50"
"com.openai.chat","ChatGPT","chatgpt","native","https://openai.com/chatgpt","https://apps.apple.com/us/app/chatgpt/id6448311069?uo=4","itunes-seller","high","","MAS: ChatGPT v1.2026.167"
"is.follow","Follow","follow","native","http://folo.is","https://apps.apple.com/us/app/folo-ai-reader/id6739802604?uo=4","itunes-seller","high","","MAS: Folo - AI Reader v0.5.0"
"com.lemon.lvoverseas","CapCut","capcut","native","https://www.capcut.com","https://apps.apple.com/us/app/capcut-photo-video-editor/id1500855883?uo=4","itunes-seller","high","","MAS: CapCut: Photo & Video Editor v18.3.0"
"org.alchemyviewer.viewer","Alchemy","alchemy","unreported","https://www.alchemyviewer.org/","","web-search","high","","web: Official Alchemy Viewer site (Second Life viewer) with macOS download; bundleId org.alchemyviewer matches"
"texstudio","TeXstudio","texstudio","unreported","https://www.texstudio.org/","","web-search","high","","web: Official TeXstudio site (LaTeX editor) with macOS installer"
"com.schrodinger.pymol","PyMOL","pymol","unreported","https://www.schrodinger.com/","","reverse-dns","medium","Schrödinger - Physics-based Software Platform for Molecular Discovery &amp; Design","candidate schrodinger.com; rel=0.00"
"org.bitbucket.p2.maceponyms","Eponyms","eponyms","unreported","https://apps.apple.com/us/app/eponyms/id420610970?mt=12&uo=4","https://apps.apple.com/us/app/eponyms/id420610970?mt=12&uo=4","itunes-appstore","high","","MAS: Eponyms v1.1"
"app.betterdiscord.installer","BetterDiscord","betterdiscord","unreported","https://betterdiscord.app/","","reverse-dns","medium","The Discord Enhancement Project","candidate betterdiscord.app; rel=1.00"
"com.1c.v8.apps.1cv8s","1cv8s","1cv8s","unreported","https://1c.com/","","reverse-dns","medium","1C Company","candidate 1c.com; rel=0.00"
"com.nektony.Duplicates-Finder","Duplicate File Finder","duplicate-file-finder","native","https://nektony.com/duplicate-finder-free","https://apps.apple.com/us/app/duplicate-file-finder-remover/id1032755628?mt=12&uo=4","itunes-seller","high","","MAS: Duplicate File Finder Remover v9.1"
"com.Illustrate.dBpoweramp-Music-Converter","dBpoweramp Music Converter","dbpoweramp-music-converter","native","https://www.dbpoweramp.com/","","web-search","high","","web: Official Illustrate/dBpoweramp site with macOS Music Converter; bundleId com.Illustrate matches vendor"
"com.slatedigital.connect","Slate Digital Connect","slate-digital-connect","native","https://slatedigital.com/","","reverse-dns","medium","Audio Tools &amp; Plugins for Music Production | Slate Digital","candidate slatedigital.com; rel=0.67"
"com.Roblox.RobloxStudio","RobloxStudio","robloxstudio","unreported","https://www.roblox.com/","","reverse-dns","medium","Roblox","candidate roblox.com; rel=0.00"
"com.adobe.adobedigitaleditions.app","Adobe Digital Editions","adobe-digital-editions","unreported","https://www.adobe.com/","","reverse-dns","medium","Adobe: Creative, marketing and document management solutions","candidate adobe.com; rel=0.33"
"assaultcube","launcher","launcher","unreported","https://assault.cubers.net/","","web-search","high","","web: Official AssaultCube site (bundleId 'assaultcube'); free FPS with macOS build; 'launcher' is the app's launcher binary"
"mega.mac","MEGAsync","megasync","native","https://www.apple.com/mac/","","reverse-dns","medium","Mac - Apple","candidate mac.com; rel=0.00"
"com.toontrack.ezdrummer3.app","EZdrummer 3","ezdrummer-3","native","https://www.toontrack.com/","","reverse-dns","medium","Toontrack","candidate toontrack.com; rel=0.00"
"com.majimakHARU.DjVu2PDF","DjVu2PDF","djvu2pdf","unreported","https://apps.apple.com/us/app/djvu2pdf/id629039447?mt=12&uo=4","https://apps.apple.com/us/app/djvu2pdf/id629039447?mt=12&uo=4","itunes-appstore","high","","MAS: DjVu2PDF v1.3"
"com.wegenerlabs.ScreenRecorder","Screencast","screencast","native","https://wegenerlabs.com","https://apps.apple.com/us/app/screencast-screen-recorder/id1368905598?mt=12&uo=4","itunes-seller","high","","MAS: Screencast – Screen Recorder v2.2.10"
"com.jetbrains.toolbox","JetBrains Toolbox","jetbrains-toolbox","native","https://www.jetbrains.com/","","reverse-dns","medium","JetBrains: Essential tools for software developers and teams","candidate jetbrains.com; rel=0.50"
"net.code-industry.MasterPDFEditor5","Master PDF Editor","master-pdf-editor","native","https://code-industry.net/","","reverse-dns","medium","Master PDF Editor for macOS, Windows and Linux.","candidate code-industry.net; rel=1.00"
"com.topazlabs.TopazGigapixelAI","Topaz Gigapixel AI","topaz-gigapixel-ai","native","https://www.topazlabs.com/","","reverse-dns","medium","Professional photo &amp; video enhancement powered by AI | Topaz Labs","candidate topazlabs.com; rel=0.50"
"imagetasks.Pixea","Pixea","pixea","native","https://www.imagetasks.com","https://apps.apple.com/us/app/pixea/id1507782672?mt=12&uo=4","itunes-seller","high","","MAS: Pixea v8.1"
"com.dxo.hdr2.app","HDR Efex Pro 2","hdr-efex-pro-2","native","https://www.dxo.com/","","reverse-dns","medium","DxO photo editing software: For the passionate photographer.","retry candidate dxo.com"
"io.mpv","mpv","mpv","unreported","https://mpv.io/","","reverse-dns","medium","mpv.io","candidate mpv.io; rel=1.00"
"com.ononesoftware.ON1PhotoRAW2024.premium","ON1 Photo RAW 2024","on1-photo-raw-2024","native","https://www.on1.com/","","reverse-dns","medium","Discover Photo Editing Software for Photographers | ON1","candidate ononesoftware.com; rel=0.50"
"com.digipine.pineplayer","Pine Player","pine-player","native","https://www.pineplayer.com/blog","https://apps.apple.com/us/app/pine-player/id1112075769?mt=12&uo=4","itunes-seller","high","","MAS: Pine Player v6.0.3"
"io.keet.app","Keet","keet","native","https://keet.io","https://apps.apple.com/us/app/keet-private-encrypted-chat/id6443880549?uo=4","itunes-seller","high","","MAS: Keet - Private Encrypted Chat v4.17.1"
"com.raptor.MacSploit","MacSploit","macsploit","native","https://macsploit.net/","","web-search","high","","web: Official MacSploit site (macOS Roblox executor by Raptor Development); raptor.fun is the same vendor's payment site; bundleId com.raptor matches"
"com.bskyb.skyxplayer","Sky X","sky-x","unreported","https://skyx.sky.at/","","web-search","high","","web: Official Sky X (Austria) streaming site; confirmed macOS app on skyx.sky.at/app; bundleId com.bskyb (British Sky Broadcasting parent) matches Sky X product"
"com.expressvpn.ExpressVPN","ExpressVPN","expressvpn","native","https://www.expressvpn.com/","","reverse-dns","medium","ExpressVPN: Best VPN Service for Speed & Privacy in 2026","candidate expressvpn.com; rel=1.00"
"net.korion.screensnake","Screen Snake","screen-snake","unreported","https://korion.net/","","reverse-dns","medium","この会社やるね","candidate korion.net; rel=0.00"
"Jellyfin.Server","Jellyfin Server","jellyfin-server","native","https://server.com/","","reverse-dns","medium","SERVER.COM","candidate server.com; rel=0.50"
"com.adobe.DNGConverter","Adobe DNG Converter","adobe-dng-converter","native","https://www.adobe.com/","","reverse-dns","medium","Adobe: Creative, marketing and document management solutions","candidate adobe.com; rel=0.33"
"com.topazlabs.TopazSharpenAI","Topaz Sharpen AI","topaz-sharpen-ai","native","https://www.topazlabs.com/","","reverse-dns","medium","Professional photo &amp; video enhancement powered by AI | Topaz Labs","candidate topazlabs.com; rel=0.50"
"com.topazlabs.TopazPhotoAI","Topaz Photo AI","topaz-photo-ai","native","https://www.topazlabs.com/","","reverse-dns","medium","Professional photo &amp; video enhancement powered by AI | Topaz Labs","candidate topazlabs.com; rel=1.00"
"com.topazlabs.TopazDeNoiseAI","Topaz DeNoise AI","topaz-denoise-ai","native","https://www.topazlabs.com/","","reverse-dns","medium","Professional photo &amp; video enhancement powered by AI | Topaz Labs","candidate topazlabs.com; rel=0.50"
"sh.osk.tetrio-client","TETR.IO","tetrio","native","https://osk.sh/","","reverse-dns","medium","osk","candidate osk.sh; rel=0.00"
"eu.exelban.Stats","Stats","stats","native","https://serhiy.io/","","reverse-dns","medium","exelban's blog","candidate exelban.eu; rel=0.00"
"pclauncher","PlayClan Launcher","playclan-launcher","native","https://playclan.net/download","","web-search","high","","web: Official PlayClan (Hungarian Minecraft server) download page; release notes reference 'PlayClan Launcher'; bundleId 'pclauncher' matches"
"app.portal.ios.v1","Portal","portal","native","https://portal.app","https://apps.apple.com/us/app/portal-escape-into-nature/id1436994560?uo=4","itunes-seller","high","","MAS: Portal - Escape Into Nature v3.8.3"
"com.retroactive.Retroactive","Retroactive (right click to open)","retroactive-right-click-to-open","unreported","https://github.com/cormiertyshawn895/Retroactive","","web-search","high","","web: Official open-source Retroactive repo (run Aperture/iPhoto/iTunes/Final Cut 7 on newer macOS); bundleId com.retroactive matches"
"com.joshjacob.qrjournal","QR Journal","qr-journal","native","https://apps.apple.com/us/app/qr-journal/id483820530?mt=12&uo=4","https://apps.apple.com/us/app/qr-journal/id483820530?mt=12&uo=4","itunes-appstore","high","","MAS: QR Journal v3.0"
"com.macsoft.age3","Age of Empires III","age-of-empires-iii","unreported","https://macsoft.com/","","reverse-dns","medium","","candidate macsoft.com; rel=0.00"
"com.czur.aura","CZUR Aura","czur-aura","unreported","https://www.czur.com/","","reverse-dns","medium","Smart &amp; Professional Book Scanner with Digitization Solutions - CZUR","candidate czur.com; rel=0.50"
"com.anker.pcankermake/","AnkerMake Studio","ankermake-studio","unreported","https://www.anker.com/","","reverse-dns","medium","Anker | Live Charged. - Anker US","candidate anker.com; rel=0.00"
"com.usboverdrive.app","USB Overdrive","usb-overdrive","native","https://www.usboverdrive.com/","","reverse-dns","medium","USB Overdrive &#8211; Take full advantage of any USB or Bluetooth mouse, keyboard, trackball, joystick or gamepad.","candidate usboverdrive.com; rel=1.00"
"jp.co.nikon.NX-Studio","NX Studio","nx-studio","native","https://www.jp.nikon.com/","","reverse-dns","medium","Nikon","candidate nikon.co.jp; rel=0.00"
"com.toontrack.superior3host","Superior Drummer 3","superior-drummer-3","native","https://www.toontrack.com/","","reverse-dns","medium","Toontrack","candidate toontrack.com; rel=0.00"
"com.creality.crealityprint","Creality_Print","crealityprint","unreported","https://www.creality.com/","","reverse-dns","medium","Creality - Official Website","candidate creality.com; rel=0.50"
"org.k1jt.wsjtx","WSJT-X","wsjt-x","unreported","https://k1jt.com/","","reverse-dns","medium","k1jt - লাইভ ক্যাসিনো ও bKash Nagad Rocket পেমেন্টের বিশ্বস্ত সাইট","candidate k1jt.com; rel=0.00"
"com.balsamiq.wireframes","Balsamiq Wireframes","balsamiq-wireframes","native","https://balsamiq.com/","","reverse-dns","medium","Balsamiq: Fast, focused wireframing and prototyping tools","candidate balsamiq.com; rel=0.50"
"com.hey.app.desktop","HEY","hey","unreported","https://www.hey.com/","","reverse-dns","medium","HEY — A delightfully fresh take on email + calendar, from 37signals","candidate hey.com; rel=1.00"
"com.vandyke.SecureCRT","SecureCRT","securecrt","unreported","http://www.vandyke.com/products/securecrt/securecrt_ios.html","https://apps.apple.com/us/app/securecrt/id911124130?uo=4","itunes-seller","high","","MAS: SecureCRT v4.0.1"
"dev.ares.ares","ares","ares","native","https://ares.dev/","","reverse-dns","medium","Full Page Slider - ARES | Tales Workshop","candidate ares.dev; rel=1.00"
"net.pcsx2.pcsx2","PCSX2","pcsx2","unreported","https://pcsx2.net/","","reverse-dns","medium","Home | PCSX2","candidate pcsx2.net; rel=1.00"
"app.keystro.macos","Keystro","keystro","native","https://keystro.app/","","reverse-dns","medium","Keystro app","candidate keystro.app; rel=1.00"
"com.nw-builder.popcorn-time","Popcorn-Time","popcorn-time","unreported","https://nw-builder.com/","","reverse-dns","medium","","candidate nw-builder.com; rel=0.00"
"com.etresoft.EtreCheck4","EtreCheckPro","etrecheckpro","native","https://etresoft.com/en/index.html","","reverse-dns","medium","Etresoft","candidate etresoft.com; rel=0.00"
"com.framer.electron","Framer","framer","native","https://www.framer.com/","","reverse-dns","medium","Framer: AI website builder for professional sites","candidate framer.com; rel=1.00; PARKED?"
"com.electron.silex-desktop","silex-desktop","silex-desktop","unreported","https://github.com/silexlabs/silex-desktop","","web-search","high","","web: Official Silex Labs silex-desktop repo (free/libre no-code website builder) with macOS .dmg releases; bundleId matches"
"com.viber.osx","Rakuten Viber","rakuten-viber","native","https://www.viber.com/en/","","reverse-dns","medium","","candidate viber.com; rel=0.50"
"io.github.lime3ds.Lime3DS","Lime3DS","lime3ds","native","https://github.com/Lime3DS/Lime3DS","","web-search","high","","web: Official Lime3DS GitHub org (Nintendo 3DS emulator, Citra fork) with macOS releases; bundleId io.github.lime3ds matches (now discontinued in favor of Azahar)"
"com.paradigmasoft.vstudio","Valentina Studio","valentina-studio","unreported","https://apps.apple.com/us/app/valentina-studio/id604825918?mt=12&uo=4","https://apps.apple.com/us/app/valentina-studio/id604825918?mt=12&uo=4","itunes-appstore","high","","MAS: Valentina Studio v17.5"
"com.outerbase.app","Outerbase","outerbase","native","https://outerbase.com/","","reverse-dns","medium","Outerbase | The interface for your database","candidate outerbase.com; rel=1.00"
"com.objective-see.lulu.app","LuLu","lulu","native","https://objective-see.org/","","reverse-dns","medium","Objective-See Foundation","candidate objective-see.com; rel=0.00"
"net.mediaarea.mediainfo.mac","MediaInfo","mediainfo","native","https://mediaarea.net/Services","https://apps.apple.com/us/app/mediainfo/id510620098?mt=12&uo=4","itunes-seller","high","","MAS: MediaInfo v26.05"
"org.pythonmac.unspecified.Nudge","Nudge","nudge","unreported","http://pythonmac.org/","","reverse-dns","medium","","candidate pythonmac.org; rel=0.00"
"com.kristanix.mac.jigsawpuzzleepic","Jigsaw Puzzle Epic","jigsaw-puzzle-epic","native","https://www.kristanix.com/jigsawpuzzleepic/","https://apps.apple.com/us/app/jigsaw-puzzles-epic/id796885130?mt=12&uo=4","itunes-seller","high","","MAS: Jigsaw Puzzles Epic v2.1.1"
"rugarciap.com.Turbo-Boost-Switcher-Pro-Pro","Turbo Boost Switcher","turbo-boost-switcher","native","https://tbswitcher.rugarciap.com/","","web-search","high","","web: Official Turbo Boost Switcher site by rugarciap (macOS); bundleId rugarciap.com matches developer"
"com.grammarly.ProjectLlama","Grammarly Desktop","grammarly-desktop","native","https://www.grammarly.com/1","","reverse-dns","medium","Grammarly","candidate grammarly.com; rel=0.50"
"com.xlnaudio.addictivedrums2","Addictive Drums 2","addictive-drums-2","native","https://www.xlnaudio.com/","","reverse-dns","medium","Software for Music Production – XLN Audio","candidate xlnaudio.com; rel=0.00"
"com.logmein.hamachiinstaller","LogMeIn Hamachi Installer","logmein-hamachi-installer","unreported","https://www.logmein.com/","","reverse-dns","medium","LogMeIn: Remote Access Software &amp; Remote Support Solutions","candidate logmein.com; rel=0.33"
"com.drobo.Install","Install","install","unreported","https://www.drobo.com/start/start-drobo-install-dashboard-mac/","","web-search","medium","","web: Official Drobo macOS Dashboard installer page; bundleId com.drobo.Install matches (note: Drobo defunct, site may be offline)"
"com.divertisma.StagePlotPro","StagePlotPro 2.9.9.2","stageplotpro-2992","unreported","http://www.stageplot.com/","","web-search","medium","","web: StagePlotPro by Chip Wallace; app support URL is stageplot.com per app metadata; original Mac app (no longer actively maintained). Not fully confirmed live"
"JView","JView","jview","unreported","https://github.com/liuyujung/JView","","web-search","high","","web: Exact match: GitHub repo liuyujung/JView described as 'Mac OS image viewer' (JPEG/GIF/TIF/BMP/PICT/ICNS); bundleId 'JView' matches"
"com.vadimdemedes.Darkmatter","Darkmatter","darkmatter","native","https://vadimdemedes.com/","","reverse-dns","medium","Vadim&#39;s website","candidate vadimdemedes.com; rel=0.00"
"org.springframework.boot.ide.branding.sts4","SpringToolSuite4","springtoolsuite4","unreported","https://spring.io/","","reverse-dns","medium","","candidate springframework.org; rel=0.00"
"threema-consumer-web","threema-consumer-web","threema-consumer-web","native","https://threema.com/en/download","","web-search","high","","web: Official Threema download page (consumer/private desktop app for macOS); also github.com/threema-ch/threema-desktop"
"org.fugoya.Fugoya","Fugoya","fugoya","native","https://fugoya.com/","","reverse-dns","medium","Fugoya — Polished productivity software for freelance professionals.","candidate fugoya.com; rel=1.00"
"jan.ai.app","Jan","jan","native","https://ai.com/start","","reverse-dns","medium","","candidate ai.com; rel=0.00"
"com.aicoin.desktop","AICoin","aicoin","native","https://www.aicoin.com/zh-Hans","","reverse-dns","medium","","candidate aicoin.com; rel=1.00"
"com.steinberg.cubase13","Cubase","cubase","native","https://www.steinberg.net/cubase/","","web-search","high","","web: Official Steinberg Cubase product page (macOS DAW); bundleId com.steinberg matches"
"com.epson.InstallNavi.launcher","Epson Installer","epson-installer","native","https://epson.com/","","reverse-dns","medium","Epson Global Portal","candidate epson.com; rel=0.50"
"com.spitfireaudio.spitfireaudio","Spitfire Audio","spitfire-audio","native","https://www.spitfireaudio.com/en-us","","reverse-dns","medium","","candidate spitfireaudio.com; rel=1.00"
"com.modartt.Pianoteq7.Standalone","Pianoteq 7","pianoteq-7","native","https://www.modartt.com/","","reverse-dns","medium","Modartt — Pianoteq and Organteq: physically modelled instruments","candidate modartt.com; rel=1.00"
"com.toontrack.ezmixhost","EZmix","ezmix","native","https://www.toontrack.com/","","reverse-dns","medium","Toontrack","candidate toontrack.com; rel=0.00"
"com.Qubiq.host.SonivoxEssentialKeyboardCollection","Essential Keyboard Collection","essential-keyboard-collection","unreported","https://qubiq.com/","","reverse-dns","medium","","candidate qubiq.com; rel=0.00"
"com.ikmultimedia.TR5","T-RackS 5","t-racks-5","native","https://www.ikmultimedia.com/","","reverse-dns","medium","IK MULTIMEDIA. SOUND BETTER.","candidate ikmultimedia.com; rel=0.00"
"com.MLSoundLab.AmpedVX30","Amped - VX30","amped-vx30","native","http://www.mlsoundlab.com/","","reverse-dns","medium","mlsoundlab.com&nbsp;-&nbsp;mlsoundlab Resources and Information.","candidate mlsoundlab.com; rel=0.00; PARKED?"
"com.sunsama.native-app","Sunsama","sunsama","unreported","https://sunsama.com/","","reverse-dns","medium","Sunsama - Make work-life balance a reality.","candidate sunsama.com; rel=1.00"
"wang.jianing.app.OpenInTerminal","OpenInTerminal","openinterminal","native","https://jianing.com/","","reverse-dns","medium","JIANING.COM MAY BE AVAILABLE!","candidate jianing.com; rel=0.00"
"com.er.ur.typesy","Typesy","typesy","native","https://www.typesy.com/","","web-search","high","","web: Official Typesy site (touch-typing software, macOS); app name matches"
"cn.apifox.app","Apifox","apifox","unreported","https://apifox.com/","","reverse-dns","medium","Apifox - API 文档、调试、Mock、测试一体化协作平台。拥有接口文档管理、接口调试、Mock、自动化测试等功能，接口开发、测试、联调效率，提升 10 倍。最好用的接口文档管理工具，接口自动化测试工具。","candidate apifox.cn; rel=1.00"
"net.cozic.joplin-desktop","Joplin","joplin","native","https://cozic.net/","","reverse-dns","medium","Cozic Ltd - Cloud Solution Specialist","candidate cozic.net; rel=0.00"
"org.eclipse.mat.ui.rcp.MemoryAnalyzer","MemoryAnalyzer","memoryanalyzer","native","https://www.eclipse.org/","","reverse-dns","medium","Eclipse Foundation | Powering Open Innovation","retry candidate eclipse.org"
"com.tidycustoms.publii","Publii","publii","native","https://getpublii.com/","","web-search","high","","web: Official Publii site (static-site CMS by TidyCustoms, macOS); bundleId com.tidycustoms matches; also github.com/GetPublii/Publii"
"org.raspberrypi.imagingutility","Raspberry Pi Imager","raspberry-pi-imager","native","https://www.raspberrypi.org/","","reverse-dns","medium","Teach, learn, and make with the Raspberry Pi Foundation","candidate raspberrypi.org; rel=0.50"
"megacmd.mac","MEGAcmd","megacmd","unreported","https://www.apple.com/mac/","","reverse-dns","medium","Mac - Apple","candidate mac.com; rel=0.00"
"com.line6.podfarm2","POD Farm 2","pod-farm-2","unreported","https://line6.com/","","reverse-dns","medium","Line 6 | Amp and Effects Processors, Effects Pedals, Guitar Amps, and more","candidate line6.com; rel=0.00"
"com.line6.licensemanager","Line 6 License Manager","line-6-license-manager","unreported","https://line6.com/","","reverse-dns","medium","Line 6 | Amp and Effects Processors, Effects Pedals, Guitar Amps, and more","candidate line6.com; rel=0.33"
"com.okex.app","OKX","okx","unreported","https://www.okx.com/download","","web-search","high","","web: Official OKX download page (macOS desktop app); bundleId com.okex (OKX/OKEx) matches"
"com.xlnaudio.xlnonlineinstaller","XLN Online Installer","xln-online-installer","native","https://www.xlnaudio.com/","","reverse-dns","medium","Software for Music Production – XLN Audio","candidate xlnaudio.com; rel=0.33"
"com.Respondus.LockDownBrowser","LockDown Browser","lockdown-browser","unreported","https://web.respondus.com/","","reverse-dns","medium","Home - Respondus","candidate respondus.com; rel=0.00"
"org.pythonmac.unspecified.Exp-AIDEBeta1.0","Exp-AIDE Beta 1.0","exp-aide-beta-10","native","http://pythonmac.org/","","reverse-dns","medium","","candidate pythonmac.org; rel=0.00"
"io.dcloud.HBuilderXAlpha","HBuilderX","hbuilderx","unreported","https://dcloud.io/","","reverse-dns","medium","DCloud - 数字天堂官网、HBuilderX、HBuilder、uni-app、uniapp、5+、5plus、mui、wap2app、流应用、HTML5、小程序开发、跨平台App、多端框架","candidate dcloud.io; rel=1.00"
"org.115pc.115Desktop","115","115","unreported","https://pc.115.com/","","web-search","high","","web: Official 115 (115.com) desktop/browser download page; macOS supported (Intel + Apple Silicon); bundleId org.115pc matches"
"com.appletech752.Sliver","Sliver","sliver","unreported","https://appletech752.com/","","reverse-dns","medium","Apple Tech 752","candidate appletech752.com; rel=0.00"
"com.symless.synergy","Synergy","synergy","native","https://symless.com/","","reverse-dns","medium","Symless - The makers of Synergy","candidate symless.com; rel=1.00"
"com.brother.graphihslab","GTX Graphics Lab 6","gtx-graphics-lab-6","unreported","https://www.brother-usa.com/","","reverse-dns","medium","Brother-USA","candidate brother.com; rel=0.00"
"org.musescore.MuseScore","MuseScore","musescore","unreported","https://musescore.org/af","","reverse-dns","medium","Gratis musiekkomposisie- en notasiesagteware | MuseScore","candidate musescore.org; rel=1.00"
"com.muse.hub","Muse Hub","muse-hub","native","https://muse.com/","","reverse-dns","medium","","candidate muse.com; rel=0.50"
"com.install4j.8357-7994-5030-9105.837","Studio 3T","studio-3t","native","https://studio3t.com/","","web-search","high","","web: Official Studio 3T site (MongoDB GUI/IDE, macOS .dmg); generic install4j bundleId but app name identifies Studio 3T"
"com.splashtop.stbrm.macosx","Splashtop for RMM","splashtop-for-rmm","native","https://www.splashtop.com/","","reverse-dns","medium","","candidate splashtop.com; rel=0.33"
"com.splashtop.stp.macosx","Splashtop Personal","splashtop-personal","native","https://www.splashtop.com/","","reverse-dns","medium","","candidate splashtop.com; rel=0.50"
"com.oracle.workbench.MySQLWorkbench","MySQLWorkbench","mysqlworkbench","unreported","https://www.mysql.com/products/workbench/","","web-search","high","","web: Official Oracle/MySQL Workbench product page (macOS download via dev.mysql.com/downloads/workbench); bundleId com.oracle.workbench matches"
"com.anghami.anghami","Anghami","anghami","unreported","http://www.anghami.com","https://apps.apple.com/us/app/anghami-play-music-podcasts/id545395155?uo=4","itunes-seller","high","","MAS: Anghami: Play Music & Podcasts v8.0.32"
"com.qiuyuzhou.ShadowsocksX-NG","ShadowsocksX-NG","shadowsocksx-ng","native","https://github.com/shadowsocks/ShadowsocksX-NG","","web-search","high","","web: Official ShadowsocksX-NG repo (macOS client, maintainer qiuyuzhou); bundleId com.qiuyuzhou matches"
"com.garmin.BaseCamp","BaseCamp","basecamp","unreported","http://www.garmin.com","https://apps.apple.com/us/app/garmin-basecamp/id411052274?mt=12&uo=4","itunes-seller","high","","MAS: Garmin BaseCamp v4.8.11"
"com.datarobotics.drobodashboard","Drobo Dashboard","drobo-dashboard","unreported","https://datarobotics.com/","","reverse-dns","medium","Hello!","candidate datarobotics.com; rel=0.00"
"oss.krtirtho.spotube","spotube","spotube","native","https://spotube.krtirtho.dev/","","web-search","high","","web: Official Spotube site (open-source music client by Kingkor Roy Tirtho, macOS); bundleId oss.krtirtho matches; also github.com/KRTirtho/spotube"
"com.music-group.X32-Edit","X32-Edit","x32-edit","unreported","https://www.behringer.com/en/products/0603-ACE","","web-search","high","","web: Official Behringer X32 product page (Music Group = Behringer parent); X32-Edit macOS remote editor downloaded from X32 product Downloads tab; bundleId com.music-group matches"
"com.ETC.EosWelcomeScreen","Eos Family Welcome Screen","eos-family-welcome-screen","unreported","https://etc.com/","","reverse-dns","medium","Etcetera Technology Corporation","candidate etc.com; rel=0.00"
"no.lightdev.ontime","ontime","ontime","unreported","https://lightdev.com/","","reverse-dns","medium","","candidate lightdev.com; rel=0.00"
"com.s2.uk.installer","AppsAnywhere Setup","appsanywhere-setup","native","https://s2.com/","","reverse-dns","medium","S2","candidate s2.com; rel=0.00"
"test-companion.bitfocus.no","Companion","companion","unreported","https://www.bitfocus.com/","","reverse-dns","medium","Home | Bitfocus","candidate bitfocus.com; rel=0.00"
"com.brother.PtouchEditor","P-touch Editor","p-touch-editor","native","https://apps.apple.com/us/app/brother-p-touch-editor/id1453365242?mt=12&uo=4","https://apps.apple.com/us/app/brother-p-touch-editor/id1453365242?mt=12&uo=4","itunes-appstore","high","","MAS: Brother P-touch Editor v5.3.23"
"APG Live Manager","APG Live Manager","apg-live-manager","unreported","https://apg.audio/en/","","web-search","high","","web: Official APG audio site; APG Live Manager is their loudspeaker/amplifier control software with a macOS version; app name matches"
"com.yacreader.YACReaderLibrary","YACReaderLibrary","yacreaderlibrary","native","https://yacreader.com/","","reverse-dns","medium","YACReader","candidate yacreader.com; rel=0.00"
"com.yacreader.YACReader","YACReader","yacreader","native","http://ios.yacreader.com","https://apps.apple.com/us/app/yacreader-comic-reader/id635717885?uo=4","itunes-seller","high","","MAS: YACReader - Comic Reader v3.38.0"
"com.finnvoorhees.Unsqueeze","Unsqueeze","unsqueeze","native","https://finnvoorhees.com/unsqueeze","https://apps.apple.com/us/app/unsqueeze/id6475134617?uo=4","itunes-seller","high","","MAS: Unsqueeze v1.2.2"
"ClickRepair","ClickRepair","clickrepair","unreported","https://archive.clickrepair.org/software_info/clickrepair.html","","web-search","high","","web: Official ClickRepair site by Brian Davies (audio declicking, macOS); now an archived official site as the software is discontinued"
"com.install4j.5889-6375-8446-2021.22","Trader Workstation","trader-workstation","unreported","https://www.interactivebrokers.com/en/trading/tws.php","","web-search","high","","web: Official Interactive Brokers Trader Workstation (TWS) page; macOS standalone download available; generic install4j bundleId but app name identifies TWS"
"org.bluej.BlueJ","BlueJ","bluej","native","https://bluej.org/","","reverse-dns","medium","BlueJ","candidate bluej.org; rel=1.00"
"site.cryptobrowser.cryptotab","CryptoTab Browser","cryptotab-browser","native","https://cryptobrowser.com/","","reverse-dns","medium","","candidate cryptobrowser.com; rel=0.50"
"com.paulthetall.portingkit","Porting Kit","porting-kit","unreported","https://www.paulthetall.com/","","reverse-dns","medium","Paulthetall.com - Play your favorite windows games on your Mac!","candidate paulthetall.com; rel=0.00"
"com.felixrieseberg.macintoshjs","macintosh.js","macintoshjs","unreported","https://felixrieseberg.com/","","reverse-dns","medium","Felix Rieseberg","candidate felixrieseberg.com; rel=0.00"
"com.ubnt.UniFi","UniFi Network Server","unifi-network-server","unreported","https://www.ui.com/","","reverse-dns","medium","UniFi - Rethinking IT - Ubiquiti","candidate ubnt.com; rel=0.33"
"org.reef.offline-survey-entry","REEF-Survey","reef-survey","unreported","https://www.reef.org/","","reverse-dns","medium","Reef Environmental Education Foundation | Conserving Oceans Through Citizen Science, Education and Research","candidate reef.org; rel=0.50"
"com.iphonesoft3g.texaspokermac","Texas Poker","texas-poker","native","http://pokerist.com","https://apps.apple.com/us/app/texas-holdem-poker-pokerist/id431501599?mt=12&uo=4","itunes-seller","high","","MAS: Texas Hold'em Poker: Pokerist v73.32.0"
"com.sunpet.xploviewmac","Plugable Digital Viewer","plugable-digital-viewer","unreported","https://sunpet.com/","","reverse-dns","medium","Wholesale Tropical Fish - Sunpet","candidate sunpet.com; rel=0.00"
"todesktop.com.ToDesktop-Installer","Install ClickUp","install-clickup","native","https://clickup.com/download","","web-search","high","","web: Official ClickUp download page (macOS desktop app, built/distributed via ToDesktop installer matching the bundleId); 'Install ClickUp' is the ToDesktop installer"
"com.ti.et.phoenix.app.Application","TI-Nspire","ti-nspire","unreported","https://www.ti.com/","","reverse-dns","medium","Analog | Embedded processing | Semiconductor company | TI.com","candidate ti.com; rel=0.00"
"uk.co.abcsa.SA100-2021","sa100-2021","sa100-2021","unreported","https://www.abcsa.co.uk/","","reverse-dns","medium","ABC Self Assessment software","candidate abcsa.co.uk; rel=0.00"
"con.ikmultimedia.modobass","MODO BASS","modo-bass","unreported","https://www.ikmultimedia.com/","","reverse-dns","medium","IK MULTIMEDIA. SOUND BETTER.","candidate ikmultimedia.com; rel=0.00"
"com.mowglii.ItsycalApp","Itsycal","itsycal","native","https://mowglii.com/","","reverse-dns","medium","Mowglii - Mowglii makes Mac apps","candidate mowglii.com; rel=0.00"
"co.mural.macOS","Mural","mural","unreported","https://www.mural.co/","","reverse-dns","medium","AI-powered visual workspace for team collaboration | Mural","candidate mural.co; rel=1.00"
"com.geranium-soft.audioconverter","Audio Converter Pro","audio-converter-pro","unreported","https://geranium-soft.com/products/audio-converter-pro","https://apps.apple.com/us/app/audio-converter-pro/id698196505?mt=12&uo=4","itunes-seller","high","","MAS: Audio Converter Pro v2.2.5"
"com.crowdcafe.calculator","CalculatorMax","calculatormax","native","https://calculatormax.app","https://apps.apple.com/us/app/calculator-max/id364905554?uo=4","itunes-seller","high","","MAS: Calculator Max v4.6.1"
"com.soundly.Soundly","Soundly","soundly","unreported","https://soundly.app","https://apps.apple.com/us/app/soundly-white-noise-sleep/id1447164749?uo=4","itunes-seller","high","","MAS: Soundly - White Noise Sleep v1.9.7"
"com.paceap.eden.iLokLicenseManager","iLok License Manager","ilok-license-manager","native","https://paceap.com/","","reverse-dns","medium","PACE Anti-Piracy | #1 App Protection &amp; Software Licensing","candidate paceap.com; rel=0.00"
"com.audiokinetic.launcher","Wwise Launcher","wwise-launcher","native","https://www.audiokinetic.com/en/","","reverse-dns","medium","Audiokinetic","candidate audiokinetic.com; rel=0.00"
"com.qnap.qsync","Qsync Client","qsync-client","unreported","https://www.qnap.com/en-us","","reverse-dns","medium","QNAP (US) | Secure, Intelligent Data & Storage Solutions","candidate qnap.com; rel=0.00"
"com.enscape.EnscapeApplication","EnscapeApplication","enscapeapplication","unreported","https://enscape3d.com/","","web-search","high","","web: Official Enscape (Chaos) site; Enscape for Mac is native/Apple Silicon; bundleId com.enscape matches"
"red.evelyn.accord","Accord","accord","native","https://www.evelyn.com/","","reverse-dns","medium","Personalised expert advice | Evelyn Partners","candidate evelyn.com; rel=0.00"
"com.bitcavehq.Airflow","Airflow","airflow","native","https://airflow.app/","","reverse-dns","medium","Airflow","candidate bitcavehq.com; rel=1.00"
"com.overwolf.curseforge","CurseForge","curseforge","native","https://www.overwolf.com/","","reverse-dns","medium","Overwolf | The guild of in-game creators","candidate overwolf.com; rel=0.00"
"com.redgiant.VFX-Suite-Installer","VFX Suite Installer","vfx-suite-installer","unreported","https://www.maxon.net/en/red-giant","","reverse-dns","medium","","candidate redgiant.com; rel=0.00"
"com.redgiant.Trapcode-Suite-Installer","Trapcode Suite Installer","trapcode-suite-installer","unreported","https://www.maxon.net/en/red-giant","","reverse-dns","medium","","candidate redgiant.com; rel=0.00"
"com.anylogic.AnyLogic","AnyLogic","anylogic","unreported","https://www.anylogic.com/","","reverse-dns","medium","AnyLogic: Simulation Modeling Software Tools & Solutions","candidate anylogic.com; rel=1.00"
"com.viatom.O2PCViewer-BLE","O2_Insight_Pro","o2insightpro","unreported","https://apps.apple.com/us/app/o2insight-pro/id1491464821?mt=12&uo=4","https://apps.apple.com/us/app/o2insight-pro/id1491464821?mt=12&uo=4","itunes-appstore","high","","MAS: O2Insight pro v1.9.2"
"no.degree.macos.Filemail","Filemail","filemail","unreported","https://www.filemail.com","https://apps.apple.com/us/app/filemail-file-sharing-app/id1183772244?mt=12&uo=4","itunes-seller","high","","MAS: Filemail - File Sharing App v4.8.2"
"com.amarcus.PiPer","PiPer","piper","unreported","https://github.com/amarcu5/PiPer","https://apps.apple.com/us/app/piper/id1421915518?mt=12&uo=4","itunes-seller","high","","MAS: PiPer v1.0.4"
"com.aleksanderpopko.Rearview","Rearview","rearview","unreported","https://rearviewapp.io","https://apps.apple.com/us/app/rearview-handy-mirror-camera/id1459730659?mt=12&uo=4","itunes-seller","high","","MAS: Rearview - handy mirror camera v2.3"
"com.instatus.out","Instatus Out","instatus-out","unreported","https://instatus.com/out","https://apps.apple.com/us/app/instatus-out/id1552633430?mt=12&uo=4","itunes-seller","high","","MAS: Instatus Out v1.0.8"
"com.authy.authy-mac","Authy Desktop","authy-desktop","unreported","https://www.authy.com/","","reverse-dns","medium","Authy: Two-factor Authentication (2FA) App &amp; Guides | Authy","candidate authy.com; rel=0.50"
"org.xbmc.kodi","Kodi","kodi","unreported","https://kodi.tv","","web-search","high","","web: Kodi (XBMC) official site"
"com.vimov.weatherhd.maclite","Clear Day Lite","clear-day-lite","unreported","https://www.vimov.com","","web-search","medium","","web: vimov (maker of Clear Day weather)"
"com.kablock.macos","Ka-Block!","ka-block","native","http://kablock.com","https://apps.apple.com/us/app/ka-block/id1335413823?mt=12&uo=4","itunes-seller","high","","MAS: Ka-Block! v3.5"
"com.hyundai.update","Navigation Updater","navigation-updater","unreported","https://www.hyundaiusa.com/us/en","","reverse-dns","medium","Hyundai USA: Cars, SUVs, &amp; Electric Vehicles | Official Site","candidate hyundai.com; rel=0.00"
"com.emmgunn.MP4tools3","MP4tools","mp4tools","unreported","https://emmgunn.com/wp/","","reverse-dns","medium","EmmGunn Software &#8211; Tools for converting videos on the Mac OS.","candidate emmgunn.com; rel=0.00"
"com.nolo.WillMaker2018","WillMaker","willmaker","unreported","https://www.nolo.com/","","reverse-dns","medium","Legal Encyclopedia, Legal Forms, Law Books, &amp; Software","candidate nolo.com; rel=0.00"
"com.ABabe.rarextractorfree","RAR Extractor - Unarchiver","rar-extractor-unarchiver","native","https://apps.apple.com/us/app/rar-extractor-unarchiver/id646295438?uo=4","https://apps.apple.com/us/app/rar-extractor-unarchiver/id646295438?uo=4","itunes-appstore","high","","MAS: RAR Extractor - Unarchiver v6.4.2"
"com.seagate.dashboard","Seagate Dashboard","seagate-dashboard","unreported","https://www.seagate.com/","","reverse-dns","medium","Leaders in mass-capacity storage | Seagate US","candidate seagate.com; rel=0.50"
"com.EPOSConnect.app","EPOS Connect","epos-connect","native","https://www.eposaudio.com/en/us/software/epos-connect","","web-search","high","","web: EPOS official software page (web search)"
"com.apogee.Apogee-Maestro-2","Apogee Maestro 2","apogee-maestro-2","native","https://apogee.com/","","reverse-dns","medium","DomainBid - Domain Bidding","candidate apogee.com; rel=0.50"
"com.WavesAudio.central","Waves Central","waves-central","native","https://www.waves.com/downloads/central","","web-search","high","","web: Waves Audio official (waves.com)"
"Antelope Launcher","Antelope Launcher","antelope-launcher","unreported","https://en.antelopeaudio.com","","web-search","high","","web: Antelope Audio official (web search)"
"org.tabby","Tabby","tabby","unreported","https://tabby.org/","","reverse-dns","medium","","candidate tabby.org; rel=1.00"
"com.mobeesoft.vidjuice","VidJuice UniTube","vidjuice-unitube","native","https://mobeesoft.com/","","reverse-dns","medium","Mobeesoft - Handy tools for your everyday needs","candidate mobeesoft.com; rel=0.00"
"com.descript.beachcube","Descript","descript","unreported","https://www.descript.com/","","reverse-dns","medium","Descript – AI Video &amp; Podcast Editor | Free, Online","candidate descript.com; rel=1.00"
"de.ixeau.CursorPro","Cursor Pro","cursor-pro","native","https://appahead.studio/apps/cursor-pro/","https://apps.apple.com/us/app/cursor-pro/id1447043133?mt=12&uo=4","itunes-seller","high","","MAS: Cursor Pro v2.15"
"com.lbyczf.clashwin","Clash for Windows","clash-for-windows","unreported","https://docs.cfw.lbyczf.com","","web-search","medium","","web: official docs (project discontinued, original repo removed)"
"com.easyeda","EasyEDA","easyeda","unreported","https://easyeda.com/","","reverse-dns","medium","EasyEDA - Online PCB design &amp; circuit simulator","candidate easyeda.com; rel=1.00"
"com.sascha-simon.battery","Battery Monitor Pro","battery-monitor-pro","native","https://apps.apple.com/us/app/battery-monitor-pro/id6451333638?mt=12&uo=4","https://apps.apple.com/us/app/battery-monitor-pro/id6451333638?mt=12&uo=4","itunes-appstore","high","","MAS: Battery Monitor Pro v2.2.9"
"cn.i4tools.mac","i4Tools","i4tools","unreported","https://i4tools.com/","","reverse-dns","medium","i4tools.com","candidate i4tools.com; rel=1.00; PARKED?"
"com.ea.Origin","Origin","origin","unreported","https://www.ea.com/","","reverse-dns","medium","","candidate ea.com; rel=0.00"
"com.goodsnooze.speedy","Speedy","speedy","native","https://goodsnooze.gumroad.com/l/speedyapp","","web-search","high","","web: Good Snooze (Jordi Bruin) official Gumroad (web search)"
"com.toggleMute","toggleMute","togglemute","native","http://togglemute.com/","","reverse-dns","medium","Registrant WHOIS contact information verification | Namecheap.com","candidate togglemute.com; rel=1.00"
"yakupseymen.Noize","Noize","noize","native","https://noize.com/","","reverse-dns","medium","Comfortable, Stylish &amp; Vegan Outerwear &amp; Apparel | Noize","candidate noize.com; rel=1.00"
"com.jordanbaird.Ice","Ice","ice","native","https://www.icemenubar.app/","","reverse-dns","medium","Ice - Menu Bar Manager","candidate jordanbaird.com; rel=1.00"
"io.r0b.BrowserNow","BrowserNow","browsernow","native","https://www.r0b.io/","","reverse-dns","medium","Hey! | Rob Anderson","candidate r0b.io; rel=0.00"
"com.objectiveSee.RansomWhere-Installer","RansomWhere_Installer","ransomwhereinstaller","unreported","https://objectivesee.com/","","reverse-dns","medium","","candidate objectivesee.com; rel=0.00"
"org.pythonmac.unspecified.MoonWatch","MoonWatch","moonwatch","unreported","http://pythonmac.org/","","reverse-dns","medium","","candidate pythonmac.org; rel=0.00"
"creative-studio.Kill","Kill","kill","unreported","https://road.kill.com/","","reverse-dns","medium","This Is Not A Blog","candidate kill.com; rel=1.00"
"com.michaelfogleman.FeedNotifier","FeedNotifier","feednotifier","unreported","https://www.michaelfogleman.com/","","reverse-dns","medium","Michael Fogleman: Projects","candidate michaelfogleman.com; rel=0.00"
"ru.chupakabr.dev.macos.EasyRingtones","EasyRingtones","easyringtones","unreported","https://apps.apple.com/us/app/easy-ringtones/id494847828?mt=12&uo=4","https://apps.apple.com/us/app/easy-ringtones/id494847828?mt=12&uo=4","itunes-appstore","high","","MAS: Easy Ringtones v2.0.6"
"com.mizage.Divvy","Divvy","divvy","unreported","http://mizage.com/divvy/","https://apps.apple.com/us/app/divvy-window-manager/id413857545?mt=12&uo=4","itunes-seller","high","","MAS: Divvy - Window Manager v1.5.2"
"com.diegoarraez.cmdQuit","cmdQuit","cmdquit","unreported","https://apps.apple.com/us/app/cmdquit/id423137709?mt=12&uo=4","https://apps.apple.com/us/app/cmdquit/id423137709?mt=12&uo=4","itunes-appstore","high","","MAS: cmdQuit v3.9.2"
"com.tomtom.mytomtomsa","TomTom MyDrive Connect","tomtom-mydrive-connect","unreported","https://www.tomtom.com/","","reverse-dns","medium","","candidate tomtom.com; rel=0.33"
"wtf.weakauras.companion","WeakAuras Companion","weakauras-companion","native","https://github.com/WeakAuras/WeakAuras-Companion","","web-search","high","","web: official GitHub repo"
"com.rubenfernandez.IPTVPlayer","IPTVPlayer","iptvplayer","native","https://rubenfernandez.dev","https://apps.apple.com/us/app/iptv-m3u8-list-player/id1495585741?uo=4","itunes-seller","high","","MAS: IPTV (M3U8) List Player v1.3.3"
"com.redgiant.Red-Giant-Service-Installer","Maxon App Installer","maxon-app-installer","native","https://www.maxon.net/en/red-giant","","reverse-dns","medium","","candidate redgiant.com; rel=0.00"
"com.shure.motiv.desktop","ShurePlus MOTIV","shureplus-motiv","unreported","https://www.shure.com/en-US","","reverse-dns","medium","Shure: Microphones, Wireless microphones, in-ear monitoring, earphones, headphones - Shure USA","candidate shure.com; rel=0.00"
"com.compressor.video","compressvapp","compressvapp","native","https://apps.apple.com/us/app/video-compressor-convert-video/id1666742543?mt=12&uo=4","https://apps.apple.com/us/app/video-compressor-convert-video/id1666742543?mt=12&uo=4","itunes-appstore","high","","MAS: Video Compressor-Convert Video v1.1.14"
"com.morgensztern.photofolder","Lenscape","lenscape","native","https://morgensztern.com/lenscape","https://apps.apple.com/us/app/lenscape/id1510150275?mt=12&uo=4","itunes-seller","high","","MAS: Lenscape v2.1.0"
"com.rode.rodeconnect","RODE Connect","rode-connect","native","https://rode.com/en-us","","reverse-dns","medium","RØDE (United States)","candidate rode.com; rel=0.50"
"net.metaquotes.wine.MetaTrader5","MetaTrader 5","metatrader-5","unreported","https://www.metaquotes.net/","","reverse-dns","medium","MetaQuotes — the developer of trading platforms for brokers, banks, exchanges and hedge funds","candidate metaquotes.net; rel=0.00"
"com.huawei.cloudlink","WeLinkMeeting","welinkmeeting","unreported","https://www.huawei.com/en/","","reverse-dns","medium","Huawei - Building a Fully Connected, Intelligent World","candidate huawei.com; rel=0.00"
"com.antarestech.antares-central","Antares Central","antares-central","native","https://www.antarestech.com/","","reverse-dns","medium","AutoTune: The Best Pitch Correction & Vocal Chain Plugins","candidate antarestech.com; rel=0.50"
"com.steelseries.SteelSeries-GG","SteelSeries GG","steelseries-gg","unreported","https://steelseries.com/gg","","web-search","high","","web: SteelSeries official"
"com.dbounce.CloudBounceApp","CloudBounce","cloudbounce","unreported","https://dbounce.com/","","reverse-dns","medium","","candidate dbounce.com; rel=0.00"
"com.Antares.AutoTuneCentral","Auto-Tune Central","auto-tune-central","native","https://www.antares.com/","","reverse-dns","medium","Home | Antares Capital: An Experienced Alternative Credit Manager","candidate antares.com; rel=0.00"
"UVR","UVR","uvr","native","https://github.com/Anjok07/ultimatevocalremovergui","","web-search","high","","web: Ultimate Vocal Remover official GitHub"
"com.unsplash.Wallpapers","Unsplash Wallpapers","unsplash-wallpapers","native","https://unsplash.com?utm_medium=referral&utm_source=mac-app-store&utm_campaign=wallpapers","https://apps.apple.com/us/app/unsplash-wallpapers/id1284863847?mt=12&uo=4","itunes-seller","high","","MAS: Unsplash Wallpapers v2025.02.1"
"org.upscayl.Upscayl","Upscayl","upscayl","native","https://upscayl.org","https://apps.apple.com/us/app/upscayl/id6468265473?mt=12&uo=4","itunes-seller","high","","MAS: Upscayl v2.15.0"
"com.roblox.RobloxPlayerInstaller","RobloxPlayerInstaller","robloxplayerinstaller","unreported","https://www.roblox.com/","","reverse-dns","medium","Roblox","candidate roblox.com; rel=0.00"
"com.filewave.admin","FileWave Admin","filewave-admin","unreported","https://filewave.com/","","reverse-dns","medium","Unified Endpoint Management &amp; IT Asset Software | FileWave","candidate filewave.com; rel=0.50"
"com.sascha-simon.diskbenchmark","Magic Disk Benchmark","magic-disk-benchmark","native","https://apps.apple.com/us/app/magic-disk-benchmark/id1608793370?mt=12&uo=4","https://apps.apple.com/us/app/magic-disk-benchmark/id1608793370?mt=12&uo=4","itunes-appstore","high","","MAS: Magic Disk Benchmark v5.3.5"
"com.avast.AAFM","Avast","avast","native","https://www.avast.com/en-us/index","","reverse-dns","medium","Avast | Download Free Antivirus &amp; VPN | 100% Free &amp; Easy","candidate avast.com; rel=1.00"
"com.WildWorks.AJPWInstaller","Play Wild","play-wild","unreported","http://wildworks.com/","","reverse-dns","medium","WildWorks","candidate wildworks.com; rel=0.50"
"animaljam","AJ Classic","aj-classic","unreported","https://www.animaljam.com","","web-search","high","","web: Animal Jam official site"
"com.AVerMedia.RECentral","RECentral","recentral","unreported","https://www.avermedia.com/","","reverse-dns","medium","AVerMedia | AI.STREAMING","candidate avermedia.com; rel=0.00"
"be.spatie.ray","Ray","ray","unreported","https://myray.app","","web-search","high","","web: Spatie Ray official site"
"com.timpler.screenstudio","Screen Studio","screen-studio","native","https://timpler.com/","","reverse-dns","medium","timpler.com","candidate timpler.com; rel=0.00"
"com.teambition.Teambition-Mac","Teambition","teambition","unreported","https://www.teambition.com/","","reverse-dns","medium","钉钉 Teambition · 阿里巴巴旗下团队协作工具","candidate teambition.com; rel=1.00"
"com.rawtherapee.RawTherapee","RawTherapee","rawtherapee","native","https://rawtherapee.com/","","reverse-dns","medium","Home | RawTherapee","candidate rawtherapee.com; rel=1.00"
"Avidemux.org","Avidemux2.8.app","avidemux28app","unreported","http://www.org.com/","","reverse-dns","medium","org.com","candidate org.com; rel=0.00"
"com.diffusionbee.diffusionbee","DiffusionBee","diffusionbee","native","https://diffusionbee.com/","","reverse-dns","medium","DiffusionBee - Stable Diffusion App for AI Art","candidate diffusionbee.com; rel=1.00"
"com.nutshellapps.nutshellmobile","Nutshell Apps","nutshell-apps","unreported","https://www.causeway.com/our-history/nutshell","","reverse-dns","medium","Causeway acquired Nutshell Fatigue Manager from FRP Advisory in 2024 | Causeway","candidate nutshellapps.com; rel=1.00"
"com.governikus.ausweisapp2","AusweisApp2","ausweisapp2","unreported","https://www.ausweisapp.bund.de","https://apps.apple.com/us/app/ausweisapp-bund/id948660805?uo=4","itunes-seller","high","","MAS: AusweisApp Bund v2.5.3"
"com.telephoto.identifier","MPlayerX","mplayerx","unreported","https://venture.com/domains/telephoto.com","","reverse-dns","medium","telephoto.com | Venture","candidate telephoto.com; rel=0.00"
"com.cylance.CylanceEndpointSecurity","CylanceES","cylancees","native","https://arcticwolf.com/cylance/","","reverse-dns","medium","Ending Cyber Risk with Aurora Endpoint Security - Arctic Wolf","candidate cylance.com; rel=0.00"
"com.alanyan.BatteryMac","Cloud Battery","cloud-battery","native","https://alanyan.ca/CloudBattery","https://apps.apple.com/us/app/cloud-battery/id1481005137?mt=12&uo=4","itunes-seller","high","","MAS: Cloud Battery v5.10.0"
"com.icvt.JPEGminiLite","JPEGmini Lite","jpegmini-lite","unreported","https://www.jpegmini.com","","web-search","high","","web: JPEGmini official site"
"ch.cnlab.uxtest","cnlabSpeedTest","cnlabspeedtest","unreported","https://cnlab.ch/","","reverse-dns","medium","Performance - Software - Security - Speedtest | cnlab","candidate cnlab.ch; rel=0.00"
"com.ifolor.ifolor-designer","ifolor Designer","ifolor-designer","native","https://www.ifolor.com/","","reverse-dns","medium","","candidate ifolor.com; rel=0.50"
"de.imcmedia.easyfiledatechanger","EasyFileDateChanger","easyfiledatechanger","unreported","https://apps.apple.com/us/app/easy-file-date-changer/id1245868203?mt=12&uo=4","https://apps.apple.com/us/app/easy-file-date-changer/id1245868203?mt=12&uo=4","itunes-appstore","high","","MAS: Easy File Date Changer v1.0.2"
"net.istumbler","iStumbler","istumbler","unreported","https://istumbler.net","","web-search","high","","web: iStumbler official site"
"com.modesittsoftware.GPX-Editor","GPX Editor","gpx-editor","native","https://gpx.modesittsoftware.com/osx/GPX_Mac/Intro.html","https://apps.apple.com/us/app/gpx-editor/id924782627?mt=12&uo=4","itunes-seller","high","","MAS: GPX Editor v4.0.1"
"com.moonapps.adwarecleaner","AdwareCleaner","adwarecleaner","unreported","http://www.pocketbitsllc.com","https://apps.apple.com/us/app/adware-cleaner-remove-adware-spyware-and-restore-your/id1035315287?mt=12&uo=4","itunes-seller","high","","MAS: Adware Cleaner - Remove Adware, Spyware, and Restore Your Browser v1.2"
"com.paradoxinteractive.launcher","Paradox Launcher","paradox-launcher","native","https://www.paradoxinteractive.com/","","reverse-dns","medium","Paradox Interactive","candidate paradoxinteractive.com; rel=0.50"
"com.WhysoseriousInc.NEEDYGIRLOVERDOSE","Windose","windose","native","https://whysoserious.jp/needy/en/","","web-search","high","","web: NEEDY STREAMER OVERLOAD official page, WSS playground (web search)"
"com.akai.MPKMiniMk2Editor","MPKMini Mk2 Editor","mpkmini-mk2-editor","unreported","https://akai.com/","","reverse-dns","medium","Akai : Creative at Heart","candidate akai.com; rel=0.00"
"org.foldingathome.fahcontrol","FAHControl","fahcontrol","unreported","https://foldingathome.org/","","reverse-dns","medium","","candidate foldingathome.org; rel=0.00"
"ai.elementlabs.lmstudio","LM Studio","lm-studio","native","https://elementlabs.ai/","","reverse-dns","medium","LM Studio - Discover, download, and run local LLMs","candidate elementlabs.ai; rel=1.00"
"com.cuperino.qprompt","QPrompt","qprompt","unreported","https://cuperino.com/","","reverse-dns","medium","Cuperino Apps","candidate cuperino.com; rel=0.00"
"com.iboostup.iAntiSpy.www","iAntiSpy","iantispy","native","https://www.iboostup.com","","web-search","medium","","web: iBoostUp developer site"
"er.Wormhole","Wormhole","wormhole","unreported","https://wormhole.com/","","reverse-dns","medium","Wormhole | Financial Infrastructure for the Modern Economy","candidate wormhole.com; rel=1.00"
"com.Wondershare.UniConverter14","Wondershare UniConverter 15","wondershare-uniconverter-15","native","https://www.wondershare.com/","","reverse-dns","medium","Wondershare - The Creator's Era of AI-Powered Creativity","candidate wondershare.com; rel=0.50"
"com.spacedrive.desktop","Spacedrive","spacedrive","native","https://spacedrive.com/","","reverse-dns","medium","Spacedrive — Your data. Your devices. Your AI employees.","candidate spacedrive.com; rel=1.00"
"com.gog.1207667183","Grim Fandango Remastered","grim-fandango-remastered","unreported","https://www.gog.com/","","reverse-dns","medium","GOG.COM","candidate gog.com; rel=0.00"
"com.shure.WWB","Wireless Workbench","wireless-workbench","unreported","https://www.shure.com/en-US","","reverse-dns","medium","Shure: Microphones, Wireless microphones, in-ear monitoring, earphones, headphones - Shure USA","candidate shure.com; rel=0.50"
"com.bitdefender.antivirusformac","AntivirusforMac","antivirusformac","native","https://www.bitdefender.com/en-us/","","reverse-dns","medium","Bitdefender - Global Leader in Cybersecurity Software","candidate bitdefender.com; rel=0.00"
"com.bitdefender.agentui","BitdefenderAgent","bitdefenderagent","native","https://www.bitdefender.com/en-us/","","reverse-dns","medium","Bitdefender - Global Leader in Cybersecurity Software","candidate bitdefender.com; rel=0.00"
"eu.riverdesign.sparkle","Sparkle","sparkle","native","https://sitely.app","https://apps.apple.com/us/app/sitely-ai-website-builder/id863015334?mt=12&uo=4","itunes-seller","high","","MAS: Sitely, AI Website Builder v6.2.2"
"no.mifi.losslesscut-mac","LosslessCut","losslesscut","native","https://mifi.no/losslesscut/","https://apps.apple.com/us/app/losslesscut/id1505323402?mt=12&uo=4","itunes-seller","high","","MAS: LosslessCut v1.13"
"com.Sennheiser.WSM","WSM","wsm","unreported","https://www.sennheiser.com/en-us","","reverse-dns","medium","","candidate sennheiser.com; rel=0.00"
"de.rme-audio.TotalmixFX","TotalmixFX","totalmixfx","native","http://www.rme-audio.de","https://apps.apple.com/us/app/totalmix-fx-for-ipad/id739965887?uo=4","itunes-seller","high","","MAS: TotalMix FX for iPad v1.96"
"com.newtek.NDI-Tools","NDI Launcher","ndi-launcher","native","https://www.newtek.com/","","reverse-dns","medium","NewTek and Vizrt have now joined forces to become Vizrt - NewTek","candidate newtek.com; rel=0.00"
"com.Respondus.LockDownBrowserOEM","LockDown Browser OEM","lockdown-browser-oem","unreported","https://web.respondus.com/","","reverse-dns","medium","Home - Respondus","candidate respondus.com; rel=0.00"
"com.install4j.1348-0854-3861-5445.2","JProfiler","jprofiler","native","https://www.ej-technologies.com/products/jprofiler/overview.html","","web-search","high","","web: ej-technologies official (install4j vendor)"
"com.facebook.sonar","Flipper","flipper","unreported","https://www.facebook.com/","","reverse-dns","medium","","candidate facebook.com; rel=0.00"
"com.install4j.5517-2803-0637-4585.64","SoapUI-5.7.1","soapui-571","unreported","https://www.soapui.org","","web-search","high","","web: SoapUI official site"
"com.corsair.cue.main","iCUE","icue","unreported","https://www.corsair.com/us/en","","reverse-dns","medium","","candidate corsair.com; rel=0.00"
"com.oray.sunlogin.macclient","SunloginClient","sunloginclient","native","https://www.oray.com/","","reverse-dns","medium","贝锐官网-花生壳官网|DNS内网穿透|动态域名解析|域名注册|向日葵远程控制|远程桌面|蒲公英路由器|异地组网","candidate oray.com; rel=0.00"
"io.sideloadly.sideloadly","Sideloadly!","sideloadly","unreported","https://sideloadly.io/","","reverse-dns","medium","Sideloadly - iOS, Apple Silicon &amp; TV Sideloading","candidate sideloadly.io; rel=1.00"
"com.pocket.safari.save","Save to Pocket","save-to-pocket","unreported","https://getpocket.com","","web-search","medium","","web: Pocket official (note: Pocket shutting down 2025)"
"com.kindlecomicconverter.KindleComicConverter","Kindle Comic Converter","kindle-comic-converter","unreported","https://kindlecomicconverter.com/","","reverse-dns","medium","Kindle Comic Converter – Free Convert CBZ, CBR for Kindle","candidate kindlecomicconverter.com; rel=1.00"
"https://git.io/hakuneko","HakuNeko Desktop","hakuneko-desktop","unreported","https://github.com/manga-download/hakuneko","","web-search","high","","web: HakuNeko official GitHub"
"at.andresavic.AmongKey","AmongKey","amongkey","native","https://github.com/andresavic/AmongKey","","web-search","high","","web: official GitHub repo (web search)"
"com.jaspersoft.studio.pro.rcp.product","Jaspersoft Studio Professional","jaspersoft-studio-professional","unreported","https://www.jaspersoft.com/","","reverse-dns","medium","Embedded Analytics &amp; Reporting Platform | Jaspersoft","candidate jaspersoft.com; rel=0.33"
"com.electron.logseq","Logseq","logseq","native","https://logseq.com","","web-search","high","","web: Logseq official site"
"com.electron.now-tv","NOW TV","now-tv","unreported","https://www.nowtv.com","","web-search","medium","","web: NOW (Sky) official site"
"com.camhart.netcountable.desktop","Truple","truple","unreported","https://truple.io","","web-search","high","","web: Truple official site"
"com.offshoresecurity.vpnarea","VPNArea","vpnarea","native","https://offshoresecurity.com/","","reverse-dns","medium","","candidate offshoresecurity.com; rel=0.00"
"com.cardpresso.cardPresso","cardPresso","cardpresso","unreported","https://www.cardpresso.com/","","reverse-dns","medium","CARDPRESSO &#8211; Identification Software Solutions","candidate cardpresso.com; rel=1.00"
"com.ujam.ujam","UJAM","ujam","unreported","https://www.ujam.com/","","reverse-dns","medium","UJAM | Create Your Music Faster, Better and Easier","candidate ujam.com; rel=1.00"
"com.youku.mac","Youku Mac","youku-mac","unreported","http://www.youku.com","https://apps.apple.com/us/app/%E4%BC%98%E9%85%B7%E8%A7%86%E9%A2%91-%E9%BB%91%E5%A4%9C%E5%91%8A%E7%99%BD-%E5%85%A8%E7%BD%91%E7%8B%AC%E6%92%AD/id1014945607?mt=12&uo=4","itunes-seller","high","","MAS: 优酷视频-黑夜告白 全网独播 v9.2.74"
"uk.co.thefoundry.FoundryLicenseUtility","FoundryLicenseUtility","foundrylicenseutility","unreported","https://www.foundry.com/","","reverse-dns","medium","Imagination Engineered | Foundry","candidate thefoundry.co.uk; rel=0.00"
"com.qobuz.desktop","Qobuz","qobuz","native","https://www.qobuz.com/us-en/discover","","reverse-dns","medium","","candidate qobuz.com; rel=1.00"
"com.spectrasonics.stylusrmxstandalone","StylusRMX","stylusrmx","native","https://www.spectrasonics.net/","","reverse-dns","medium","Spectrasonics Virtual Instruments","candidate spectrasonics.com; rel=0.00"
"com.uaudio.uad-meter","UAD Meter & Control Panel","uad-meter-and-control-panel","native","https://www.uaudio.com/","","reverse-dns","medium","","candidate uaudio.com; rel=0.00"
"com.mango3d.lychee","LycheeSlicer","lycheeslicer","unreported","https://mango3d.com/","","reverse-dns","medium","","candidate mango3d.com; rel=0.00"
"com.ninxsoft.lowprofile","Low Profile","low-profile","native","https://github.com/ninxsoft/LowProfile","","web-search","high","","web: Ninxsoft official GitHub"
"com.interversehq.qView","qView","qview","native","https://interversehq.com/","","reverse-dns","medium","Interverse","candidate interversehq.com; rel=0.00"
"com.canvasgfx.Canvas-Draw7","Canvas X Draw","canvas-x-draw","unreported","https://www.canvasgfx.com/","","reverse-dns","medium","Model-based Work Instruction Platform: Canvas Envision","candidate canvasgfx.com; rel=0.50"
"au.id.haroldchu.mac.Bandwidth","Bandwidth+","bandwidth","native","https://id.com/","","reverse-dns","medium","Intrinsic Development : Professional Software Services","candidate id.com; rel=0.00"
"cz.nic.datovka","datovka","datovka","unreported","https://www.datovka.cz","","web-search","high","","web: CZ.NIC official Datovka site"
"io.mountainduck","Mountain Duck","mountain-duck","native","https://mountainduck.io/","https://apps.apple.com/us/app/mountain-duck/id1024974133?mt=12&uo=4","itunes-seller","high","","MAS: Mountain Duck v5.3.0"
"com.cisco.JabberVDI","JabberVDI","jabbervdi","unreported","https://www.cisco.com/","","reverse-dns","medium","AI Infrastructure, Secure Networking, and Software Solutions - Cisco","candidate cisco.com; rel=0.00"
"com.redgiant.Shooter-Suite-Installer","Shooter Suite Installer","shooter-suite-installer","unreported","https://www.maxon.net/en/red-giant","","reverse-dns","medium","","candidate redgiant.com; rel=0.00"
"com.bluecataudio.blue-cat-s-patchwork","Blue Cat's PatchWork","blue-cats-patchwork","native","https://www.bluecataudio.com/Main/Home/","","reverse-dns","medium","Blue Cat Audio - Professional Audio Plug-ins and Applications (VST, VST3, AAX, Audio Unit)","candidate bluecataudio.com; rel=0.67"
"com.camunda.CamundaModeler","Camunda Modeler","camunda-modeler","unreported","https://camunda.com/","","reverse-dns","medium","Agentic Orchestration Platform | Camunda","candidate camunda.com; rel=0.50"
"com.rapidminer.studio","RapidMiner Studio","rapidminer-studio","unreported","https://www.siemens.com/en-us/products/rapidminer/","","reverse-dns","medium","","candidate rapidminer.com; rel=0.50"
"com.sindoh.3DWOX-Desktop","3DWOX Desktop","3dwox-desktop","unreported","https://www.sindoh.com/","","reverse-dns","medium","신도리코","candidate sindoh.com; rel=0.00"
"io.ente.bhari-frame","ente","ente","native","https://ente.com/","","reverse-dns","medium","","candidate ente.io; rel=1.00"
"texmaker","texmaker","texmaker","unreported","https://www.xm1math.net/texmaker/","","web-search","high","","web: Texmaker official site"
"com.install4j.9806-1938-4586-6531.70","Burp Suite Community Edition","burp-suite-community-edition","native","https://portswigger.net/burp/communitydownload","","web-search","high","","web: PortSwigger official"
"com.vng.zalo","Zalo","zalo","native","https://zalo.me","","web-search","high","","web: Zalo (VNG) official site"
"net.uvi.UVIPortal","UVI Portal","uvi-portal","native","https://www.uvi.net/","","reverse-dns","medium","UVI","candidate uvi.net; rel=0.50"
"ly.decided.DecentSampler","DecentSampler","decentsampler","native","https://www.decentsamples.com/product/decent-sampler-plugin/","https://apps.apple.com/us/app/decent-sampler/id1530441977?uo=4","itunes-seller","high","","MAS: Decent Sampler v1.23.5"
"com.install4j.RTSystems-THD74.118","TH-D74 Programmer","th-d74-programmer","unreported","https://www.rtsystemsinc.com","","web-search","high","","web: RT Systems official (radio programmer)"
"com.brother.ScannerApp","ScannerApp","scannerapp","unreported","https://www.brother-usa.com/","","reverse-dns","medium","Brother-USA","candidate brother.com; rel=0.00"
"com.toontrack.ezkeys2.app","EZkeys 2","ezkeys-2","unreported","https://www.toontrack.com/","","reverse-dns","medium","Toontrack","candidate toontrack.com; rel=0.00"
"com.journey.ios.app","Journey","journey","native","https://www.journey.com/","","reverse-dns","medium","","candidate journey.com; rel=1.00"
"com.tencent.meeting","TencentMeeting","tencentmeeting","native","https://www.tencent.com/","","reverse-dns","medium","Tencent 腾讯","candidate tencent.com; rel=0.00"
"com.cisco.Jabber","Jabber","jabber","native","https://www.cisco.com/","","reverse-dns","medium","AI Infrastructure, Secure Networking, and Software Solutions - Cisco","candidate cisco.com; rel=0.00"
"it.alfanet.squared5.MPEGStreamclip","MPEG Streamclip","mpeg-streamclip","unreported","http://alfanet.it/","","reverse-dns","medium","The Tudors","candidate alfanet.it; rel=0.00"
"com.ea.mac.thesims4","The Sims 4","the-sims-4","native","https://www.ea.com/","","reverse-dns","medium","","candidate ea.com; rel=0.00"
"com.Miniot.MiniotWheel2Updater","Miniot Wheel 2 Updater","miniot-wheel-2-updater","native","https://miniot.com/","","reverse-dns","medium","Miniot bv","candidate miniot.com; rel=0.33"
"com.xs-labs.Hot","Hot","hot","native","https://xs-labs.com/en/","","reverse-dns","medium","XS-Labs","candidate xs-labs.com; rel=0.00"
"com.WilliamGallegos.WilliWidgets","WilliWidgets","williwidgets","native","https://www.williamgallegos.com/","","reverse-dns","medium","William Gallegos","candidate williamgallegos.com; rel=0.00"
"orbx.volanta","Volanta","volanta","unreported","https://www.spie-nl.com/projecten","","reverse-dns","medium","Projecten | SPIE","candidate volanta.com; rel=1.00"
"com.navigraph.charts.desktop","Navigraph Charts","navigraph-charts","native","https://navigraph.com/","","reverse-dns","medium","Navigraph","candidate navigraph.com; rel=0.50"
"com.xiaosaiviewer.xiaosai","XiaoSaiViewer","xiaosaiviewer","native","https://beedicom.com","https://apps.apple.com/us/app/bee-dicom-viewer/id1590273176?mt=12&uo=4","itunes-seller","high","","MAS: Bee DICOM Viewer v2.6.2"
"com.hicknhacksoftware.MacPass","MacPass","macpass","native","https://github.com/MacPass/MacPass","","web-search","high","","web: MacPass official GitHub"
"com.ikmultimedia.TONEX","TONEX","tonex","native","https://www.ikmultimedia.com/","","reverse-dns","medium","IK MULTIMEDIA. SOUND BETTER.","candidate ikmultimedia.com; rel=0.00"
"com.mercuriall.ss11x","SS-11X","ss-11x","unreported","https://mercuriall.com/cms/","","reverse-dns","medium","Mercuriall Audio Software","candidate mercuriall.com; rel=0.00"
"com.azefsw.audioconnect","AudioRelay","audiorelay","native","https://audiorelay.net","","web-search","high","","web: AudioRelay official site"
"com.adobe.acc.AdobeCreativeCloud","Creative Cloud","creative-cloud","native","https://www.adobe.com/","","reverse-dns","medium","Adobe: Creative, marketing and document management solutions","candidate adobe.com; rel=0.50"
"pmedit.pdf-metadata-editor","PdfMetadataEditor","pdfmetadataeditor","unreported","https://github.com/zaro/pdf-metadata-editor","","web-search","high","","web: official GitHub repo"
"eu.web-eid.web-eid-safari","web-eid-safari","web-eid-safari","native","https://web-eid.eu/","","reverse-dns","medium","Web eID: electronic ID smart cards on the Web","candidate web-eid.eu; rel=0.67"
"com.objective-see.blockblock.helper","BlockBlock Helper","blockblock-helper","native","https://objective-see.org/","","reverse-dns","medium","Objective-See Foundation","candidate objective-see.com; rel=0.00"
"com.fbreader","FBReader","fbreader","native","https://fbreader.org/","","reverse-dns","medium","Favourite Book Reader &ndash; FBReader","candidate fbreader.com; rel=1.00"
"com.pilotmoon.scroll-reverser","Scroll Reverser","scroll-reverser","native","https://pilotmoon.com/","","reverse-dns","medium","Pilotmoon Software","candidate pilotmoon.com; rel=0.00"
"com.StevenAtkinson.app.NeuralAmpModeler","NeuralAmpModeler","neuralampmodeler","native","http://stevengatkinson.net/","","reverse-dns","medium","","candidate stevenatkinson.com; rel=0.00"
"ca.michelf.BlackLight.Pro","Black Light Pro","black-light-pro","unreported","https://michelf.ca/home/","","reverse-dns","medium","Michel Fortin","candidate michelf.ca; rel=0.00"
"com.elgato.GameCaptureHD","Game Capture HD","game-capture-hd","unreported","https://www.elgato.com/us/en","","reverse-dns","medium","Elgato","candidate elgato.com; rel=0.00"
"com.macsourceports.ssam-tfe","ssam-tfe","ssam-tfe","native","https://www.macsourceports.com/","","reverse-dns","medium","Mac Source Ports","candidate macsourceports.com; rel=0.00"
"audio.vital.synth","Vital","vital","native","https://vital.com/","","reverse-dns","medium","Vital - Home CRiSP Editor","candidate vital.com; rel=1.00"
"com.native-instruments.Massive","Massive","massive","native","https://www.native-instruments.com/en/","","reverse-dns","medium","","candidate native-instruments.com; rel=0.00"
"com.uvisoundsource.UVIWorkstationSA","UVIWorkstation","uviworkstation","unreported","https://uvisoundsource.com/","","reverse-dns","medium","Redirecting...","candidate uvisoundsource.com; rel=0.00"
"net.sourceforge.nzbget","NZBGet","nzbget","unreported","https://nzbget.com","","web-search","high","","web: NZBGet official site"
"com.deskew.gigperformer4","GigPerformer4-PA-FULL","gigperformer4-pa-full","native","https://deskew.com/","","reverse-dns","medium","Redirecting to GigPerformer","candidate deskew.com; rel=0.00"
"com.korg.triton","TRITON","triton","unreported","https://www.korg.com/us/","","reverse-dns","medium","KORG (USA)","candidate korg.com; rel=0.00"
"com.WavesAudio.Clavinet","Clavinet","clavinet","native","https://www.waves.com/plugins/clavinet","","web-search","high","","web: Waves Audio official product page"
"com.osx.sonarr.tv","Sonarr","sonarr","unreported","https://sonarr.tv/","","web-search","high","","web: Official Sonarr website"
"com.wireguard.macos","WireGuard","wireguard","native","https://www.wireguard.com/","https://apps.apple.com/us/app/wireguard/id1451685025?mt=12&uo=4","itunes-seller","high","","MAS: WireGuard v1.0.16"
"com.mosyle.macos.business","Self-Service","self-service","native","https://mosyle.com/","","reverse-dns","medium","Mosyle - The only Apple Unified Platform","candidate mosyle.com; rel=0.00"
"desktop.op.gg","OP.GG","opgg","unreported","https://oceanpacific.com/","","reverse-dns","medium","Oceanpacific","candidate op.com; rel=0.00"
"com.github.yep.App-Downloader","App Downloader","app-downloader","native","https://github.com/yep/app-downloader","","web-search","high","","web: Official GitHub repo (Jahn Bertsch / yep)"
"com.fortinet.fct.FortiClientUpdate","FortiClientUpdate","forticlientupdate","native","https://www.fortinet.com/","","reverse-dns","medium","","candidate fortinet.com; rel=0.00"
"com.toontrack.solo","Toontrack solo","toontrack-solo","unreported","https://www.toontrack.com/","","reverse-dns","medium","Toontrack","candidate toontrack.com; rel=0.50"
"org.jamovi.jamovi","jamovi","jamovi","unreported","https://www.jamovi.org/","","reverse-dns","medium","jamovi - open statistical software for the desktop and cloud","candidate jamovi.org; rel=1.00"
"com.logi.optionsplus.installer","logioptionsplus_installer","logioptionsplusinstaller","native","https://www.logitech.com/en-us/software/logi-options-plus","","web-search","high","","web: Logitech official Logi Options+ page"
"com.shure.WWB6","Wireless Workbench 6","wireless-workbench-6","unreported","https://www.shure.com/en-US","","reverse-dns","medium","Shure: Microphones, Wireless microphones, in-ear monitoring, earphones, headphones - Shure USA","candidate shure.com; rel=0.50"
"com.dfavteams.ScreenCompressPro","Screen Recorder Pro - Screen Capture HD Video","screen-recorder-pro-screen-capture-hd-video","unreported","https://apps.apple.com/us/app/screen-recorder-pro-screen-capture-hd-video/id985439997?mt=12&uo=4","https://apps.apple.com/us/app/screen-recorder-pro-screen-capture-hd-video/id985439997?mt=12&uo=4","itunes-appstore","high","","MAS: Screen Recorder Pro - Screen Capture HD Video v3.2.3"
"com.toontrack.ezbasshost","EZbass","ezbass","unreported","https://www.toontrack.com/","","reverse-dns","medium","Toontrack","candidate toontrack.com; rel=0.00"
"org.desairem.Disk-Graph","Disk Graph","disk-graph","native","https://desairem.com/wordpress/","","reverse-dns","medium","Desairem &#8211; Apps to increase your productivity","candidate desairem.com; rel=0.00"
"com.pattonium.scripts.Magi-Cal","Magi_Cal","magical","native","https://www.pattilabelle.com/","","reverse-dns","medium","Patti LaBelle","candidate pattonium.com; rel=0.00"
"net.langui.SnailSVNFree","SnailSVNLite","snailsvnlite","native","https://langui.net","https://apps.apple.com/us/app/snailsvn-lite-svn-for-finder/id1063090543?mt=12&uo=4","itunes-seller","high","","MAS: SnailSVN Lite – SVN for Finder v1.15.15"
"com.gather.Gather","Gather","gather","native","https://www.gather.town/","","web-search","high","","web: Official Gather website (bundleId com.gather.Gather confirmed via MacUpdater)"
"com.netease.nemu","NemuPlayer","nemuplayer","unreported","http://netease.com/","","reverse-dns","medium","����","candidate netease.com; rel=0.00"
"com.f5.access.macos","F5Access","f5access","unreported","https://www.f5.com/","","reverse-dns","medium","","candidate f5.com; rel=0.00"
"com.music-group.M32-Edit","M32-Edit","m32-edit","unreported","https://www.midasconsoles.com/downloads.htm","","web-search","high","","web: Midas (Music Group) downloads page for M32-Edit; Homebrew cask m32-edit confirms"
"net.steinberg.WaveLab-Pro-10-0","WaveLab Pro 10.0","wavelab-pro-100","unreported","https://www.steinberg.net/","","reverse-dns","medium","","candidate steinberg.net; rel=0.00"
"com.pandora.desktop","Pandora","pandora","unreported","https://www.pandora.com/","","reverse-dns","medium","","candidate pandora.com; rel=1.00"
"com.tencent.webplusdevtools","wechatwebdevtools","wechatwebdevtools","native","https://www.tencent.com/","","reverse-dns","medium","Tencent 腾讯","candidate tencent.com; rel=0.00"
"com.divx.DivX_Player","DivX Player","divx-player","unreported","https://www.divx.com/","","reverse-dns","medium","","candidate divx.com; rel=0.50; PARKED?"
"com.caldis.Mos","Mos","mos","native","https://caldis.com/","","reverse-dns","medium","","candidate caldis.com; rel=0.00"
"com.bilibili.bilibiliPC","Bilibili BilibiliPC","bilibili-bilibilipc","native","https://www.bilibili.com/blackboard/fe/activity-CjJbuaD7Xw.html","","reverse-dns","medium","浏览器下载建议","candidate bilibili.com; rel=0.50"
"com.semichem.gview","GaussView","gaussview","unreported","http://semichem.com/","","reverse-dns","medium","Semichem, Inc. - The AMPAC People","candidate semichem.com; rel=0.00"
"com.izotope.RXPro","iZotope RX 10","izotope-rx-10","native","https://www.izotope.com/","","reverse-dns","medium","","candidate izotope.com; rel=1.00"
"com.resolume.arena","Arena","arena","native","https://resolume.com/","","reverse-dns","medium","Resolume VJ Software & Media Server","candidate resolume.com; rel=0.00"
"io.tylerjones.IPCams","IPCams","ipcams","native","https://tylerjones.com/","","reverse-dns","medium","","candidate tylerjones.com; rel=0.00"
"org.nerdpower.tabula.Tabula","Tabula","tabula","unreported","https://hexxen.com/","","reverse-dns","medium","Enterprise Web Design, Application Development, &amp; Marketing / SEO Services","candidate nerdpower.org; rel=0.00"
"com.synchroarts.Revoice-Pro","Revoice Pro","revoice-pro","native","https://www.synchroarts.com/","","reverse-dns","medium","Synchro Arts: Pro-Grade Vocal Processing Plugins &amp; Software","candidate synchroarts.com; rel=0.50"
"com.aspyr.civ5campaign","Civilization V Campaign Edition","civilization-v-campaign-edition","unreported","https://aspyr.com/","","reverse-dns","medium","Aspyr","candidate aspyr.com; rel=0.00"
"com.arkphone.macsvg","macSVG","macsvg","native","http://arkphone.com/","","reverse-dns","medium","WebNation","candidate arkphone.com; rel=0.00"
"com.corel.corelcad","CorelCAD 2023","corelcad-2023","unreported","https://www.corel.com/en/","","reverse-dns","medium","Corel","candidate corel.com; rel=0.00"
"com.ikmultimedia.standalone.amplitube4","AmpliTube 4","amplitube-4","unreported","https://www.ikmultimedia.com/","","reverse-dns","medium","IK MULTIMEDIA. SOUND BETTER.","candidate ikmultimedia.com; rel=0.00"
"com.ultimate-guitar.tonebridgemac","Tonebridge Guitar Effects","tonebridge-guitar-effects","native","http://www.ultimate-guitar.com","https://apps.apple.com/us/app/tonebridge-guitar-effects/id1263858588?mt=12&uo=4","itunes-seller","high","","MAS: Tonebridge Guitar Effects v1.4.1"
"vn.evolus.pencil","Pencil","pencil","native","https://www.evolus.com/","","reverse-dns","medium","Evolus – One Million Enrolled Consumers","candidate evolus.com; rel=0.00"
"com.sony.ImagingEdgeDesktop","Imaging Edge Desktop","imaging-edge-desktop","native","https://www.sony.com/en/","","reverse-dns","medium","Home - Sony Group Portal","candidate sony.com; rel=0.00"
"net.86Box.86Box","86Box","86box","native","https://86box.net/","","reverse-dns","medium","86Box | Emulator of retro x86-based machines","candidate 86box.net; rel=1.00"
"com.Aimersoft.Video-Converter-Ultimate","Aimersoft Video Converter Ultimate","aimersoft-video-converter-ultimate","unreported","https://videoconverter.wondershare.com/","","reverse-dns","medium","All-in-one AI Video Converter and Enhancer | Wondershare UniConverter","candidate aimersoft.com; rel=0.75"
"io.github.hluk.CopyQ","CopyQ","copyq","unreported","https://github.com/hluk/CopyQ","","web-search","high","","web: Official GitHub repo (Lukas Holecek)"
"com.nw-builder.betaflight-configurator","Betaflight Configurator","betaflight-configurator","unreported","https://nw-builder.com/","","reverse-dns","medium","","candidate nw-builder.com; rel=0.00"
"com.Snipaste","Snipaste","snipaste","native","https://www.snipaste.com/","","reverse-dns","medium","Snipaste","candidate snipaste.com; rel=1.00"
"com.romankurnovskii.brewmate","BrewMate","brewmate","native","https://romankurnovskii.com/","","reverse-dns","medium","","candidate romankurnovskii.com; rel=0.00"
"com.sulake.habbo.launcher","Habbo Launcher","habbo-launcher","native","https://www.sulake.com/","","reverse-dns","medium","Sulake","candidate sulake.com; rel=0.00"
"com.belightsoft.SwiftPublisher4","Swift Publisher 4","swift-publisher-4","unreported","https://www.belightsoft.com/","","reverse-dns","medium","BeLight Software &mdash; Intuitive Apps for Mac, iOS, iPadOS and Windows","candidate belightsoft.com; rel=0.00"
"com.electron.transformice","Transformice","transformice","unreported","https://atelier801.com/","","web-search","high","","web: Atelier 801 official site (developer of Transformice)"
"com.redvirus.g-assist","Google Assistant","google-assistant","unreported","http://redvirus.com/","","reverse-dns","medium","","candidate redvirus.com; rel=0.00"
"com.kaunteya.MacCacheCleaner","Mac Cache Cleaner","mac-cache-cleaner","unreported","https://github.com/kaunteya/MacCacheCleaner","","web-search","high","","web: Official GitHub repo (kaunteya); bundleId com.kaunteya matches"
"com.obiedcorner.osx.Roadblock","Roadblock","roadblock","native","https://www.obiedcorner.com/en/","","reverse-dns","medium","Obied Corner","candidate obiedcorner.com; rel=0.00"
"com.rationalacoustics.smaart","Smaart","smaart","unreported","https://www.rationalacoustics.com/","","reverse-dns","medium","Rational Acoustics","candidate rationalacoustics.com; rel=0.00"
"com.jeremyvizzini.webtolayers.macos","WebToLayers","webtolayers","native","https://jeremyvizzini.com/","","reverse-dns","medium","Jérémy Vizzini — Senior macOS &amp; iOS Engineer","candidate jeremyvizzini.com; rel=0.00"
"com.kingsoft.kdocs.mac","Kingsoft Kdocs Mac","kingsoft-kdocs-mac","unreported","https://kingsoft.com/","","reverse-dns","medium","KINGSOFT 金山","candidate kingsoft.com; rel=0.33"
"org.photoscape.PhotoScapeX","PhotoScapeX","photoscapex","unreported","https://apps.apple.com/us/app/photoscape-x-photo-editor/id929507092?mt=12&uo=4","https://apps.apple.com/us/app/photoscape-x-photo-editor/id929507092?mt=12&uo=4","itunes-appstore","high","","MAS: PhotoScape X - Photo Editor v4.3"
"com.vmware.carbonblack.cloud.se-agent","VMware CarbonBlack Cloud Sensor","vmware-carbonblack-cloud-sensor","native","https://www.vmware.com/","","reverse-dns","medium","VMware by Broadcom - Cloud Computing for the Enterprise","candidate vmware.com; rel=0.50"
"gg.mobalytics.mobalyticsdesktop","Mobalytics Desktop","mobalytics-desktop","unreported","https://mobalytics.gg/","","web-search","high","","web: Official Mobalytics website"
"com.huawei.devecostudio.ds","DevEco Studio","deveco-studio","native","https://www.huawei.com/en/","","reverse-dns","medium","Huawei - Building a Fully Connected, Intelligent World","candidate huawei.com; rel=0.00"
"com.acustica.Aquarius","Aquarius","aquarius","native","https://www.acustico.com/","","reverse-dns","medium","Pannelli fonoassorbenti di design Acustico®","candidate acustica.com; rel=0.00"
"com.tonelib.gfx","ToneLib GFX","tonelib-gfx","native","https://www.tonelib.net/","","reverse-dns","medium","ToneLib | In search of perfect guitar tone","candidate tonelib.com; rel=0.50"
"org.gpsbabel.GPSBabelFE","GPSBabelFE","gpsbabelfe","native","https://www.gpsbabel.org/","","reverse-dns","medium","GPSBabel: convert, upload, download data from GPS and Map programs","candidate gpsbabel.org; rel=0.00"
"corp.sap.privileges","Privileges","privileges","native","https://www.sap.com/index.html","","reverse-dns","medium","SAP Software Solutions | Business Applications and Technology","candidate sap.com; rel=0.00"
"beook","beook","beook","unreported","https://beook.ch/","","web-search","high","","web: Official beook.ch site (Swiss digital textbook platform)"
"com.snowman.altos-odyssey.lost-city","Alto's Odyssey The Lost City","altos-odyssey-the-lost-city","native","http://altosodyssey.com","https://apps.apple.com/us/app/altos-odyssey-remastered/id1538650027?uo=4","itunes-seller","high","","MAS: Alto's Odyssey — Remastered v1.1.8"
"im.riot.nightly","Element Nightly","element-nightly","native","https://www.riotgames.com/en","","reverse-dns","medium","Riot Games. Developer of League of Legends, VALORANT, Teamfight Tactics, Legends of Runeterra, and Wild Rift. Creators o","candidate riot.com; rel=0.00"
"com.movavi.slideshowappstore","Slideshow Maker Movavi","slideshow-maker-movavi","unreported","https://www.movavi.com/mac.html","","reverse-dns","medium","Trusted Multimedia Software for your Mac | Movavi","candidate movavi.com; rel=0.33"
"com.dragonbtv.photo2movie","photo2movie","photo2movie","native","https://apps.apple.com/us/app/photo2movie/id994252026","https://apps.apple.com/us/app/photo2movie/id994252026","web-search","high","","web: Mac App Store (developer dragonBTV / Jiulong Zhao); primary distribution"
"com.corel.Toast.MyDVD","MyDVD Pro","mydvd-pro","unreported","https://www.corel.com/en/","","reverse-dns","medium","Corel","candidate corel.com; rel=0.00"
"com.Corel.Toast.MCE","MultiCam Capture and Editing ","multicam-capture-and-editing","unreported","https://www.corel.com/en/","","reverse-dns","medium","Corel","candidate corel.com; rel=0.00"
"com.openmedia.4kslideshowmaker","4K Slideshow Maker","4k-slideshow-maker","unreported","http://www.openmedia.com/","","reverse-dns","medium","Explosive Business Growth Strategies through Marketing Innovation Presented By OpenMedia.Com","candidate openmedia.com; rel=0.00"
"at.traunau.airdoc","Air Doc","air-doc","native","https://www.traunau.at/airdoc","https://apps.apple.com/us/app/air-doc/id461410436?mt=12&uo=4","itunes-seller","high","","MAS: Air Doc v3.3"
"com.binance.BinanceDesktop","Binance","binance","unreported","https://www.binance.com/","","reverse-dns","medium","","candidate binance.com; rel=1.00"
"com.blacey.SuperDuper","SuperDuper!","superduper","native","http://blacey.com/","","reverse-dns","medium","Super Software","candidate blacey.com; rel=0.00"
"ByteWizard.TraX","TraX","trax","unreported","http://bytewizard.eu/trax-audio-sacd-extractor","","web-search","high","","web: ByteWizard.eu official product page; bundleId ByteWizard.TraX matches"
"com.lifewaresolutions.planetslw","Planets -- Live Wallpaper","planets-live-wallpaper","unreported","https://lifewaresolutions.com/","","reverse-dns","medium","Lifeware Solutions. Software that makes your life better!","candidate lifewaresolutions.com; rel=0.00"
"com.ReadCube.Papers","Papers","papers","unreported","https://www.readcube.com/","","reverse-dns","medium","ReadCube Literature Management Solutions","candidate readcube.com; rel=0.00"
"com.plasq.comiclife3","Comic Life","comic-life","native","https://plasq.com/","","reverse-dns","medium","plasq.com &#124; Home of Comic Life and Comic Draw","candidate plasq.com; rel=1.00"
"com.dxo.cep5.app","Color Efex Pro 5","color-efex-pro-5","unreported","https://www.dxo.com/","","reverse-dns","medium","DxO photo editing software: For the passionate photographer.","retry candidate dxo.com"
"com.topazlabs.Topaz-Video-AI","Topaz Video AI","topaz-video-ai","native","https://www.topazlabs.com/","","reverse-dns","medium","Professional photo &amp; video enhancement powered by AI | Topaz Labs","candidate topazlabs.com; rel=1.00"
"com.mixedinkey.application","Mixed In Key 10","mixed-in-key-10","unreported","https://mixedinkey.com/","","reverse-dns","medium","Mixed In Key: Software for DJs and Music Producers - Mixed In Key","candidate mixedinkey.com; rel=1.00"
"com.epson.EasyMP_Multi_PC_Projection","Epson iProjection","epson-iprojection","unreported","https://epson.com/","","reverse-dns","medium","Epson Global Portal","candidate epson.com; rel=0.50"
"airsquared.blobsaver.app","blobsaver","blobsaver","native","https://github.com/airsquared/blobsaver","","web-search","high","","web: Official GitHub repo (airsquared); bundleId matches"
"com.linerai.liner","Liner","liner","native","https://linerai.com/","","reverse-dns","medium","","candidate linerai.com; rel=1.00"
"net.limechat.LimeChat-AppStore","LimeChat","limechat","unreported","http://limechat.net/","","reverse-dns","medium","LimeChat","candidate limechat.net; rel=1.00"
"com.geekspiff.chickenofthevnc","Chicken of the VNC","chicken-of-the-vnc","unreported","https://geekspiff.com/index.html","","reverse-dns","medium","Home - Geekspiff","candidate geekspiff.com; rel=0.00"
"com.electron.exodus","Exodus","exodus","native","https://www.exodus.com/desktop","","web-search","high","","web: Official Exodus crypto wallet desktop download page"
"us.sitesucker.mac.sitesucker","SiteSucker","sitesucker","native","https://ricks-apps.com/osx/sitesucker/index.html","https://apps.apple.com/us/app/sitesucker/id442168834?mt=12&uo=4","itunes-seller","high","","MAS: SiteSucker v6.1.8"
"au.com.techion.BookmarkMaker","Bookmark Maker","bookmark-maker","unreported","https://apps.apple.com/us/app/bookmark-maker/id1417158253?mt=12&uo=4","https://apps.apple.com/us/app/bookmark-maker/id1417158253?mt=12&uo=4","itunes-appstore","high","","MAS: Bookmark Maker v1.6"
"com.artwork-systems.DotSpy","DotSpy","dotspy","unreported","https://www.esko.com/en","","reverse-dns","medium","Accelerating the Go-to-Market Process of Packaged Goods | Esko","candidate artwork-systems.com; rel=0.00"
"br.com.guilhermerambo.Asset-Catalog-Tinkerer","Asset Catalog Tinkerer","asset-catalog-tinkerer","unreported","https://github.com/insidegui/AssetCatalogTinkerer","","web-search","high","","web: Official GitHub repo (Guilherme Rambo / insidegui); bundleId guilhermerambo matches"
"www.topazlabs.Topaz ReMask 5","Topaz ReMask 5","topaz-remask-5","unreported","https://www.topazlabs.com/","","reverse-dns","medium","Professional photo &amp; video enhancement powered by AI | Topaz Labs","candidate topazlabs.com; rel=0.50"
"io.aircall.phone","Aircall","aircall","native","https://aircall.io/","https://apps.apple.com/us/app/aircall-voip-business-phone/id1511741985?mt=12&uo=4","itunes-seller","high","","MAS: Aircall - VoIP Business Phone v3.1.17"
"com.kishanbagaria.jack","Texts","texts","native","https://kishan.org/","","reverse-dns","medium","Kishan Bagaria","candidate kishanbagaria.com; rel=0.00"
"io.prepros.prepros","Prepros","prepros","unreported","https://prepros.io/","","reverse-dns","medium","Your Friendly Web Development Companion","candidate prepros.io; rel=1.00"
"com.novationmusic.circuitcomponents","Components","components","native","https://novationmusic.com/","","reverse-dns","medium","Novation | Grid Controllers, Grooveboxes, Synths and Keys","candidate novationmusic.com; rel=0.00"
"com.modelscience.ChemLabEval","ChemLab Evaluation","chemlab-evaluation","unreported","https://modelscience.com/","","reverse-dns","medium","ChemLab A Virtual Chemistry Lab - Chemistry Lab Simulations - ChemLab by Model Science Software","candidate modelscience.com; rel=0.50"
"com.rambox","Rambox","rambox","native","https://rambox.app/","","web-search","high","","web: Official Rambox website"
"pt.vodafone.webapp","nwjs","nwjs","unreported","https://www.vodafone.com/","","reverse-dns","medium","Vodafone","candidate vodafone.com; rel=0.00"
"com.goodsnooze.macwhisper","MacWhisper","macwhisper","native","https://goodsnooze.gumroad.com/l/macwhisper","","web-search","high","","web: Official Goodsnooze (Jordi Bruin) Gumroad distribution page; bundleId matches"
"com.hardcoded-software.dupeguru","dupeguru","dupeguru","native","https://dupeguru.net/","","web-search","high","","web: Official dupeGuru website (project by Hardcoded Software, now arsenetar/dupeguru)"
"com.presonus.studioone2","Studio One","studio-one","native","https://www.presonus.com/","","reverse-dns","medium","","candidate presonus.com; rel=0.00"
"com.perkinelmer.ChemDraw.20","ChemDraw","chemdraw","unreported","https://www.perkinelmer.com/","","reverse-dns","medium","PerkinElmer | Science with Purpose","candidate perkinelmer.com; rel=0.00"
"com.arubanetworks.ArubaVIA-NEMAC","Aruba VIA","aruba-via","native","https://www.hpe.com/us/en/networking/hpe-aruba-networking.html","","reverse-dns","medium","HPE Aruba Networking | HPE","candidate arubanetworks.com; rel=0.50"
"org.mos6581.GoogleKeepMenu","GoogleKeepMenu","googlekeepmenu","unreported","https://mos6581.com/","","reverse-dns","medium","MOS6581 | Index","candidate mos6581.com; rel=0.00"
"kz.gov.pki.ncalayer","NCALayer","ncalayer","unreported","https://gov.com/","","reverse-dns","medium","Making Government User-friendly - Government Information","candidate gov.com; rel=0.00"
"com.install4j.1106-5897-7327-6550.5","Visual Paradigm","visual-paradigm","native","https://www.visual-paradigm.com/download/","","web-search","high","","web: Official Visual Paradigm download page"
"org.vim.MacVim","MacVim","macvim","native","https://www.vim.com/","","reverse-dns","medium","vim","candidate vim.com; rel=0.00"
"com.canon.XFUtility3","XFUtility3","xfutility3","unreported","https://global.canon/en/?utm_source=canon.com&utm_medium=referral&utm_campaign=top","","reverse-dns","medium","Canon Global","candidate canon.com; rel=0.00"
"net.kelleycomputing.Rember","Rember","rember","unreported","https://kelleycomputing.net/","","reverse-dns","medium","Kelley Computing","candidate kelleycomputing.net; rel=0.00"
"com.dimkanovikov.kit.scenarist.macosx","Scenarist","scenarist","unreported","https://github.com/dimkanovikov/KITScenarist","","web-search","high","","web: Official GitHub repo for KIT Scenarist (Dmitry Novikov); bundleId com.dimkanovikov.kit.scenarist matches exactly (project archived, succeeded by starc.app)"
"com.xanderfrangos.crushee","Crushee","crushee","unreported","https://xanderfrangos.com/","","reverse-dns","medium","Xander Frangos - UI Designer &amp; Programmer","candidate xanderfrangos.com; rel=0.00"
"com.tensionsoftware.osx.automailer.2","AutoMailer 2","automailer-2","native","http://tensionsoftware.com/","","reverse-dns","medium","Tension Software * Ecleti","candidate tensionsoftware.com; rel=0.00"
"com.idmcomp.uex","UltraEdit","ultraedit","unreported","https://www.ultraedit.com/","","reverse-dns","medium","","candidate idmcomp.com; rel=0.00; PARKED?"
"com.electron.lark","Lark","lark","unreported","https://www.larksuite.com/en_us/download","","web-search","medium","","web: Lark Suite official download page; name match (generic com.electron.* bundleId lowers certainty)"
"com.kaspersky.kav","Kaspersky Anti-Virus For Mac","kaspersky-anti-virus-for-mac","native","https://www.kaspersky.com/","","reverse-dns","medium","Kaspersky Cyber Security Solutions for Home and Business | Kaspersky","candidate kaspersky.com; rel=0.40"
"com.kaspersky.kpm","Kaspersky Password Manager For Mac","kaspersky-password-manager-for-mac","native","https://www.kaspersky.com/","","reverse-dns","medium","Kaspersky Cyber Security Solutions for Home and Business | Kaspersky","candidate kaspersky.com; rel=0.40"
"net.runelite.launcher","RuneLite","runelite","native","https://runelite.net/","","reverse-dns","medium","RuneLite - Open Source Old School RuneScape Client","candidate runelite.net; rel=1.00"
"com.wcastelli.silicon-info","Silicon Info","silicon-info","native","https://github.com/billycastelli/Silicon-Info","","web-search","high","","web: Official GitHub repo (William/Billy Castelli); bundleId com.wcastelli matches"
"com.yourcompany.PluginAnalyzer","PluginDoctor","plugindoctor","native","https://ddmf.eu/plugindoctor/","","web-search","medium","","web: DDMF official Plugindoctor page; name + 'PluginAnalyzer' bundleId strongly match (placeholder com.yourcompany.* lowers certainty)"
"com.gospelmusicians.PureSynthPlatinum","Pure Synth Platinum","pure-synth-platinum","native","https://gospelmusicians.com/","","reverse-dns","medium","","candidate gospelmusicians.com; rel=0.00"
"org.softube.com.softubecentral","Softube Central","softube-central","native","https://www.softube.com/","","reverse-dns","medium","Music production software and hardware, pro audio plugins - Softube","candidate softube.com; rel=0.50"
"com.neuraldsp.ArchetypePlini","Archetype Plini","archetype-plini","unreported","https://neuraldsp.com/","","reverse-dns","medium","Neural DSP - Algorithmically Perfect<!-- --> - Neural DSP","candidate neuraldsp.com; rel=0.00"
"com.celemony.melodyne.uninstaller","Melodyne Uninstaller","melodyne-uninstaller","native","https://www.celemony.com/","","reverse-dns","medium","Celemony Melodyne and Tonalic","candidate celemony.com; rel=0.50"
"com.celemony.melodyne.standalone","Melodyne","melodyne","native","https://www.celemony.com/","","reverse-dns","medium","Celemony Melodyne and Tonalic","candidate celemony.com; rel=1.00"
"com.NeuralDSP.FortinCaliSuite","Fortin Cali Suite","fortin-cali-suite","unreported","https://neuraldsp.com/","","reverse-dns","medium","Neural DSP - Algorithmically Perfect<!-- --> - Neural DSP","candidate neuraldsp.com; rel=0.00"
"jp.co.korg.m1","M1","m1","native","http://korg.co.jp/","","reverse-dns","medium","","candidate korg.co.jp; rel=0.00"
"com.initialaudio.slice","Initial Slicer","initial-slicer","native","https://initialaudio.com/","","reverse-dns","medium","Initial Audio | Professional VST Plugins &amp; Instruments for Music Production","candidate initialaudio.com; rel=0.50"
"com.simulationcurriculum.SkySafari6MacPro","SkySafari 6 Pro","skysafari-6-pro","unreported","https://simulationcurriculum.com/","","reverse-dns","medium","Simulation Curriculum","candidate simulationcurriculum.com; rel=0.00"
"com.benq.DisplayPilot","DisplayPilot","displaypilot","unreported","https://www.benq.com/en-us/index.html","","reverse-dns","medium","LCD Monitors, Projectors, Lighting, Arm, Displays &amp; Signage | BenQ US","candidate benq.com; rel=0.00"
"com.logitech.presenter","Logitech Presentation","logitech-presentation","unreported","https://support.logi.com/hc/en-us/articles/360024844213-Downloads-Spotlight-Presentation-Remote","","web-search","high","","web: Logitech support download page for Spotlight Presentation software"
"gpower","G*Power","gpower","unreported","https://www.gpower.hhu.de/","","web-search","high","","web: Official Heinrich Heine University Duesseldorf G*Power site"
"com.barco.clickshare.updater","ClickShare","clickshare","unreported","https://www.barco.com/en/product/clickshare-desktop-app","","web-search","high","","web: Barco official ClickShare desktop app page; bundleId com.barco.clickshare matches"
"dk.digitalaudio.DADman","DADman","dadman","native","https://digitalaudio.dk/dadman/","","web-search","high","","web: Digital Audio Denmark official DADman page; bundleId dk.digitalaudio matches"
"com.milgra.asqf","AirPods Sound Quality Fixer","airpods-sound-quality-fixer","unreported","https://milgra.com/","","reverse-dns","medium","MilGraCom","candidate milgra.com; rel=0.00"
"com.monday.desktop","monday.com","mondaycom","unreported","https://monday.com/","","reverse-dns","medium","The AI Work Platform for People &amp; Agents | monday.com","candidate monday.com; rel=1.00"
"com.inm.FineWoodworking","Fine Woodworking Archive","fine-woodworking-archive","unreported","https://www.finewoodworking.com/","","web-search","medium","","web: Fine Woodworking (Taunton Press) official site; archive distributed by Taunton"
"com.pinwheelsoftware.SFA","SoftwareForArchers Xpert","softwareforarchers-xpert","unreported","http://pinwheelsoftware.biz/website/default.html","","reverse-dns","medium","Page Redirection","candidate pinwheelsoftware.com; rel=0.00"
"com.dxo.nik.installer","Nik Collection Install","nik-collection-install","unreported","https://www.dxo.com/","","reverse-dns","medium","DxO photo editing software: For the passionate photographer.","retry candidate dxo.com"
"com.abbyy.FineReader-for-ScanSnap","ABBYY FineReader for ScanSnap","abbyy-finereader-for-scansnap","unreported","https://support.abbyy.com/hc/en-us/sections/360003670339-FineReader-for-ScanSnap","","web-search","high","","web: ABBYY official FineReader for ScanSnap support/downloads section; bundleId com.abbyy matches"
"com.allocinit.CamTwist","CamTwist","camtwist","unreported","http://allocinit.com/","","reverse-dns","medium","","candidate allocinit.com; rel=0.00"
"com.browzwear.VStitcher","VStitcher","vstitcher","unreported","https://browzwear.com/","","reverse-dns","medium","Browzwear | #1 Digital Apparel Design &amp; Development Software","candidate browzwear.com; rel=0.00"
"fr.inria.Natron","Natron","natron","native","https://inria.fr/fr","","reverse-dns","medium","Accueil | Inria","candidate inria.fr; rel=0.00"
"com.tweety.MediaMate","MediaMate","mediamate","native","https://www.warnerbros.com/landing","","reverse-dns","medium","WarnerBros.com | Landing","candidate tweety.com; rel=0.00"
"com.nox.NoxInstaller","NoxInstaller","noxinstaller","unreported","https://www.nox.com/","","reverse-dns","medium","NOX","candidate nox.com; rel=0.00"
"com.airtame.airtame-application","Airtame","airtame","unreported","https://airtame.com/","","reverse-dns","medium","Airtame | Everything your screens can do","candidate airtame.com; rel=1.00"
"com.lexaloffle.pico8","pico8","pico8","unreported","https://www.lexaloffle.com/","","reverse-dns","medium","Lexaloffle Games","candidate lexaloffle.com; rel=0.00"
"com.wacom.RemoveWacomTablet","Wacom Tablet Utility","wacom-tablet-utility","native","https://www.wacom.com/en-us","","reverse-dns","medium","","candidate wacom.com; rel=0.33"
"com.wacom.Wacom-Display-Settings","Wacom Display Settings","wacom-display-settings","native","https://www.wacom.com/en-us","","reverse-dns","medium","","candidate wacom.com; rel=0.33"
"org.jupyter.jupyterlab-desktop","JupyterLab","jupyterlab","unreported","https://jupyter.org/","","reverse-dns","medium","Project Jupyter | Home","candidate jupyter.org; rel=0.00"
"com.appfacture.mac.MetaMovie","MetaMovie","metamovie","unreported","http://www.appfacture.com/en/metamovie/","https://apps.apple.com/us/app/metamovie/id511114225?mt=12&uo=4","itunes-seller","high","","MAS: MetaMovie v2.5.0"
"com.electron.hellofont","Electron Hellofont","electron-hellofont","unreported","https://www.hellofont.cn/","","web-search","medium","","web: Official HelloFont (字由) site; name match (generic com.electron.* bundleId lowers certainty)"
"com.vcvrack.rack","VCV Rack 2 Free","vcv-rack-2-free","unreported","https://vcvrack.com/","","reverse-dns","medium","VCV Rack - The Eurorack Simulator for Windows/Mac/Linux","candidate vcvrack.com; rel=0.67"
"info.marcel-dierkes.KeepingYouAwake","KeepingYouAwake","keepingyouawake","native","https://github.com/newmarcel/KeepingYouAwake","","web-search","high","","web: Official GitHub repo (Marcel Dierkes / newmarcel); bundleId info.marcel-dierkes matches"
"com.searchwaresolutions.PrintWindow","Print Window","print-window","native","http://searchwaresolutions.com/","","reverse-dns","medium","Print Window 5","candidate searchwaresolutions.com; rel=1.00"
"org.drdteam.gzdoom","GZDoom","gzdoom","native","https://drdteam.com/","","reverse-dns","medium","","candidate drdteam.com; rel=0.00"
"com.perforce.p4merge","P4Merge","p4merge","unreported","https://www.perforce.com/","","reverse-dns","medium","Enterprise DevOps Tools | Perforce Software","candidate perforce.com; rel=0.00"
"com.sofriendly.2fhey","TwoFHey","twofhey","native","https://jmitch.com/sofriendly","","reverse-dns","medium","Justin Mitchell - I build things…","candidate sofriendly.com; rel=0.00"
"com.symantec.NortonInstaller","Install Norton 360","install-norton-360","native","https://www.broadcom.com/products/cybersecurity","","reverse-dns","medium","Symantec™ Enterprise Cloud Cyber Security","candidate symantec.com; rel=0.00"
"com.apowersoft.mindmap","Airmore Mindmap","airmore-mindmap","unreported","https://www.apowersoft.com/","","reverse-dns","medium","Apowersoft - Multimedia Solutions for Business and Daily Needs","candidate apowersoft.com; rel=0.00"
"com.apowersoft.gitmind","GitMind","gitmind","unreported","https://www.apowersoft.com/","","reverse-dns","medium","Apowersoft - Multimedia Solutions for Business and Daily Needs","candidate apowersoft.com; rel=0.00"
"com.mubu.desktop","Mubu Desktop","mubu-desktop","unreported","https://mubu.com/home","","reverse-dns","medium","","candidate mubu.com; rel=0.50"
"org.freefilesync.RealTimeSync","RealTimeSync","realtimesync","native","https://freefilesync.org/","","reverse-dns","medium","","candidate freefilesync.org; rel=0.00"
"com.khanov.BlockerX","1Blocker","1blocker","native","https://khanov.com/","","reverse-dns","medium","khanov.com","candidate khanov.com; rel=0.00"
"com.remarkable.desktop","reMarkable","remarkable","unreported","https://remarkable.com/","","reverse-dns","medium","","candidate remarkable.com; rel=1.00"
"com.logitech.myharmony","Harmony Desktop","harmony-desktop","unreported","https://setup.myharmony.com/","","web-search","high","","web: Logitech MyHarmony official setup/download site; bundleId com.logitech.myharmony matches"
"com.epson.Epson_Low_Ink_Reminder","Epson Low Ink Reminder","epson-low-ink-reminder","unreported","https://epson.com/","","reverse-dns","medium","Epson Global Portal","candidate epson.com; rel=0.25"
"com.mactaris.Webcam-Settings","Webcam Settings","webcam-settings","unreported","https://apps.apple.com/us/app/webcam-settings/id533696630?mt=12&uo=4","https://apps.apple.com/us/app/webcam-settings/id533696630?mt=12&uo=4","itunes-appstore","high","","MAS: Webcam Settings v3.0"
"org.adblockplus.adblockplussafarimac","Adblock Plus","adblock-plus","native","https://adblockplus.org/","","reverse-dns","medium","Adblock Plus | The world&#39;s #1 free ad blocker","candidate adblockplus.org; rel=1.00"
"com.Tweaking4All.RenameMyTVSeries","Rename My TV Series","rename-my-tv-series","unreported","https://www.tweaking4all.com/","","reverse-dns","medium","Tweaking4All.com - Computer Tips, Tricks, ... for everyone ...","candidate tweaking4all.com; rel=0.00"
"com.amaplex.amanote","Amanote","amanote","unreported","http://amaplex.com/","","reverse-dns","medium","Amaplex Software | Computer & IT Services","candidate amaplex.com; rel=0.00"
"com.masteringthemix.Expose","EXPOSE","expose","native","https://www.masteringthemix.com/","","reverse-dns","medium","Mixing and Mastering Plugins","candidate masteringthemix.com; rel=0.00"
"com.IBNSoft.SpeechWriter","Dictate","dictate","native","https://ibn-software.com/","https://apps.apple.com/us/app/speech-to-text-dictation-ai/id1124772331?uo=4","itunes-seller","high","","MAS: Speech to Text Dictation AI v5.97"
"com.gospelmusicians.FMTiNES2","FM TiNES 2","fm-tines-2","unreported","https://gospelmusicians.com/","","reverse-dns","medium","","candidate gospelmusicians.com; rel=0.00"
"com.nektony.App-Cleaner","Cleaner-App","cleaner-app","native","https://nektony.com/","","reverse-dns","medium","","candidate nektony.com; rel=0.00; PARKED?"
"com.InitialAudio.Initial808StudioII","Initial 808 Studio II","initial-808-studio-ii","native","https://initialaudio.com/","","reverse-dns","medium","Initial Audio | Professional VST Plugins &amp; Instruments for Music Production","candidate initialaudio.com; rel=0.33"
"com.plugin-alliance.plugins.PAInstallationManager","PA-InstallationManager","pa-installationmanager","unreported","https://www.plugin-alliance.com/","","reverse-dns","medium","The best music plugin releases &amp; deals - Plugin Alliance","candidate plugin-alliance.com; rel=0.00"
"org.openvanilla.OpenVanillaInstaller","OpenVanillaInstaller","openvanillainstaller","native","https://openvanilla.org/","","reverse-dns","medium","OpenVanilla 輸入法套件","candidate openvanilla.org; rel=0.00"
"com.install4j.7318-9294-3757-1226.70","Burp Suite Professional","burp-suite-professional","native","https://portswigger.net/burp/pro","","web-search","high","","web: portswigger.net"
"me.damir.dropover-mac","Dropover","dropover","native","https://damir.me/","","reverse-dns","medium","Damir Tursunović","candidate damir.me; rel=0.00"
"com.solidstatelogic.ssl360","SSL 360","ssl-360","native","https://solidstatelogic.com/","","reverse-dns","medium","Solid State Logic | Leading the way in Sound","candidate solidstatelogic.com; rel=0.00"
"com.laminar-research.X-Plane","X-Plane 12.00b9","x-plane-1200b9","native","https://www.x-plane.com/","","web-search","high","","web: x-plane.com"
"com.huion.HuionTablet","HuionTablet","huiontablet","native","https://www.huion.com/","","reverse-dns","medium","Creative Pen Displays &amp; Pen Tablets for Drawing - HUION OFFICIAL","candidate huion.com; rel=0.00"
"com.ifedapoolarewaju.desktop.igdm","IGdm","igdm","unreported","https://github.com/igdmapps/igdm","","web-search","high","","web: github.com/igdmapps/igdm"
"com.logi.bolt.app","Logi Bolt","logi-bolt","unreported","https://support.logi.com/hc/en-us/articles/4416607889431-Download-Logi-Bolt","","web-search","high","","web: logi.com"
"org.stellarium.Stellarium","Stellarium","stellarium","native","https://stellarium.org/","","reverse-dns","medium","Stellarium Astronomy Software","candidate stellarium.org; rel=1.00"
"com.splashtop.Splashtop-Streamer","Splashtop Streamer","splashtop-streamer","native","https://www.splashtop.com/","","reverse-dns","medium","","candidate splashtop.com; rel=0.50"
"com.realvnc.vncserver_service","VNC Server","vnc-server","unreported","https://www.realvnc.com/en/connect/download/vnc/macos/","","web-search","high","","web: realvnc.com"
"ch.hiesti.ABIC"," ABIC ","abic","unreported","https://hiesti.ch/","","reverse-dns","medium","Regard3D Home","candidate hiesti.ch; rel=0.00"
"com.sappharad.MultiPatch","MultiPatch","multipatch","native","https://sappharad.com/","","reverse-dns","medium","Recent Updates:","candidate sappharad.com; rel=0.00"
"com.tunabelly.balancelock","Balance Lock","balance-lock","native","https://www.tunabellysoftware.com/","","reverse-dns","medium","Amazing Mac Apps","candidate tunabelly.com; rel=0.00"
"com.JadenGeller.Helium","Helium","helium","unreported","https://github.com/JadenGeller/Helium","","web-search","high","","web: github.com/JadenGeller/Helium"
"com.hegenberg.BetterSnapTool","BetterSnapTool","bettersnaptool","native","https://www.folivora.ai","https://apps.apple.com/us/app/bettersnaptool/id417375580?mt=12&uo=4","itunes-seller","high","","MAS: BetterSnapTool v1.9.12"
"com.midwinter-dg.Image-Vectorizer","Image Vectorizer","image-vectorizer","unreported","https://www.midwinter-dg.com/","","reverse-dns","medium","Midwinter Duncan Grant - Web Designer / Front-End Developer / Wordpress Developer","candidate midwinter-dg.com; rel=0.00"
"com.10xgenomics.loupecellbrowser6","Loupe Browser 6","loupe-browser-6","unreported","https://www.10xgenomics.com/","","reverse-dns","medium","Decoding Biology. Transforming Health. | 10x Genomics","candidate 10xgenomics.com; rel=0.00"
"com.estsoft.mac.alzip","ALZip","alzip","unreported","https://estsoft.ai/","","reverse-dns","medium","ESTsoft - The most universal interface for human","candidate estsoft.com; rel=0.00"
"com.kristanix.mac.mahjongsolitaireepic","Mahjong Solitaire Epic","mahjong-solitaire-epic","unreported","https://kristanix.com/","","reverse-dns","medium","Kristanix Games for iPhone, iPad, Android, Mac, Windows and more!","candidate kristanix.com; rel=0.00"
"com.audinate.dante.DanteFirmwareUpdateManager","DanteFirmwareUpdateManager","dantefirmwareupdatemanager","unreported","https://my.audinate.com/latest-firmware-update-manager","","web-search","high","","web: audinate.com"
"com.splashtop.stb.macosx","Splashtop Business","splashtop-business","native","https://www.splashtop.com/","","reverse-dns","medium","","candidate splashtop.com; rel=0.50"
"com.exifcleaner","ExifCleaner","exifcleaner","unreported","https://exifcleaner.com/","","reverse-dns","medium","ExifCleaner — Metadata, removed.","candidate exifcleaner.com; rel=1.00"
"com.macsourceports.openjazz","openjazz","openjazz","native","https://www.macsourceports.com/","","reverse-dns","medium","Mac Source Ports","candidate macsourceports.com; rel=0.00"
"com.macsourceports.s25client","s25client","s25client","native","https://www.macsourceports.com/","","reverse-dns","medium","Mac Source Ports","candidate macsourceports.com; rel=0.00"
"com.macsourceports.dethrace","dethrace","dethrace","native","https://www.macsourceports.com/","","reverse-dns","medium","Mac Source Ports","candidate macsourceports.com; rel=0.00"
"","darkplaces-sdl","darkplaces-sdl","native","https://github.com/DarkPlacesEngine/DarkPlaces","","web-search","high","","web: github.com/DarkPlacesEngine/DarkPlaces"
"com.svp-team.svpmanager","SVP 4 Mac","svp-4-mac","unreported","https://www.svp-team.com/","","reverse-dns","medium","SVP &#8211; SmoothVideo Project &#8211; Real Time Video Frame Rate Conversion","candidate svp-team.com; rel=0.50"
"com.kyome.RunCat","RunCat","runcat","native","https://kyome.com/","","reverse-dns","medium","","candidate kyome.com; rel=0.00"
"maccatalyst.com.rosettastone.totale.companionhd","Rosetta Stone","rosetta-stone","unreported","http://www.rosettastone.com","https://apps.apple.com/us/app/rosetta-stone-classic-2024/id1476088902?mt=12&uo=4","itunes-seller","high","","MAS: Rosetta Stone Classic-2024 v9.2.0"
"com.yamaha.VOCALOID5-Editor","VOCALOID5 Editor","vocaloid5-editor","unreported","https://www.yamaha.com/en/","","reverse-dns","medium","Corporate Site - Yamaha Corporation","candidate yamaha.com; rel=0.00"
"bg.zine.bootstrapstudio","Bootstrap Studio","bootstrap-studio","unreported","https://zine.com/","","reverse-dns","medium","","candidate zine.com; rel=0.00"
"net.pulsesecure.Pulse-Secure","Ivanti Secure Access Client","ivanti-secure-access-client","native","https://www.ivanti.com/company/history/pulse-secure?psredirect","","reverse-dns","medium","Pulse Secure: Secure Access Made Easy | Ivanti","candidate pulsesecure.net; rel=0.75"
"cc.openFrameworks.USB2MIDI","USB2MIDI","usb2midi","native","http://openframeworks.com/","","reverse-dns","medium","","candidate openframeworks.com; rel=0.00"
"com.redgiant.Red-Giant-Launcher","Red Giant Launcher","red-giant-launcher","unreported","https://www.maxon.net/en/red-giant","","reverse-dns","medium","","candidate redgiant.com; rel=0.67"
"cc.openFrameworks.USB2MIDIDebug","USB2MIDIDebug","usb2mididebug","unreported","http://openframeworks.com/","","reverse-dns","medium","","candidate openframeworks.com; rel=0.00"
"cc.openFrameworks.USB_MIDI2","USB_MIDI2","usbmidi2","native","http://openframeworks.com/","","reverse-dns","medium","","candidate openframeworks.com; rel=0.00"
"com.logitech.manager.installer","LogiMgr Installer","logimgr-installer","native","https://www.logitech.com/en-us/software/logi-options-plus.html","","web-search","medium","","web: logitech.com"
"cc.openFrameworks.USB_MIDI","USB_MIDI","usbmidi","unreported","http://openframeworks.com/","","reverse-dns","medium","","candidate openframeworks.com; rel=0.00"
"cc.openFrameworks.USB_MIDI2Debug","USB_MIDI2Debug","usbmidi2debug","unreported","http://openframeworks.com/","","reverse-dns","medium","","candidate openframeworks.com; rel=0.00"
"com.sap.adt.product.distribution","ABAPDevelopmentTools","abapdevelopmenttools","unreported","https://www.sap.com/index.html","","reverse-dns","medium","SAP Software Solutions | Business Applications and Technology","candidate sap.com; rel=0.00"
"com.sap.platin","SAPGUI","sapgui","native","https://www.sap.com/index.html","","reverse-dns","medium","SAP Software Solutions | Business Applications and Technology","candidate sap.com; rel=0.00"
"com.youdao.YoudaoDict","Youdao YoudaoDict","youdao-youdaodict","native","https://youdao.com/","","reverse-dns","medium","网易有道","candidate youdao.com; rel=0.50"
"com.daylenyang.Stockfish","Stockfish","stockfish","native","https://daylen.com/","","reverse-dns","medium","Daylen Yang","candidate daylenyang.com; rel=0.00"
"com.ekwintools.practicalunixlinuxipad","Unix Guide","unix-guide","native","https://www.facebook.com/EKI-Apps-176684966058049/","https://apps.apple.com/us/app/practical-guide-for-linux/id366465064?uo=4","itunes-seller","high","","MAS: Practical Guide for Linux v16"
"software.pleiades.PixInsight","PixInsight","pixinsight","unreported","https://pixinsight.com/","","reverse-dns","medium","PixInsight &mdash; Pleiades Astrophoto","candidate pleiades.software; rel=1.00"
"com.dwarvesv.minimalbar","Hidden Bar","hidden-bar","native","https://dwarves.foundation/","","reverse-dns","medium","Dwarves Foundation - We build software with Go, React, K8s, Swift and Flutter","candidate dwarvesv.com; rel=0.00"
"sh.chef.chef-workstation","Chef Workstation App","chef-workstation-app","native","https://community.chef.io/tools/chef-workstation","","reverse-dns","medium","Chef Workstation Developer Community | Chef Community","candidate chef.sh; rel=0.67"
"com.basecamp.basecamp3","Basecamp 3","basecamp-3","native","https://basecamp.com/","","reverse-dns","medium","Basecamp","candidate basecamp.com; rel=1.00"
"org.gpodder.gpodder","gPodder","gpodder","unreported","https://gpodder.github.io/","","reverse-dns","medium","gPodder: Media aggregator and podcast client","candidate gpodder.org; rel=1.00"
"com.sonicwall.SonicWALL-Mobile-Connect","SonicWall Mobile Connect","sonicwall-mobile-connect","native","https://www.sonicwall.com/","","reverse-dns","medium","","candidate sonicwall.com; rel=0.33"
"com.workfolio.desktop","Workfolio","workfolio","unreported","https://workfolio.com/","","reverse-dns","medium","Home - Workfolio","candidate workfolio.com; rel=1.00"
"info.iwaki.MarkdownEditor","Markdown Editor","markdown-editor","native","https://apps.apple.com/us/app/markdown-editor/id1458220908?mt=12&uo=4","https://apps.apple.com/us/app/markdown-editor/id1458220908?mt=12&uo=4","itunes-appstore","high","","MAS: Markdown Editor v1.5.0"
"com.logi.ghub","lghub","lghub","unreported","https://www.logitechg.com/en-us/software/ghub.html","","web-search","high","","web: logitechg.com"
"org.pythonmac.unspecified.Tasmotizer","Tasmotizer","tasmotizer","unreported","http://pythonmac.org/","","reverse-dns","medium","","candidate pythonmac.org; rel=0.00"
"com.nox.NoxAppPlayer","NoxAppPlayer","noxappplayer","unreported","https://www.nox.com/","","reverse-dns","medium","NOX","candidate nox.com; rel=0.00"
"com.microsoft.makecode-microbit","MakeCode for microbit","makecode-for-microbit","unreported","https://www.microsoft.com/en-us","","reverse-dns","medium","Microsoft – AI, Cloud, Productivity, Computing, Gaming &amp; Apps","candidate microsoft.com; rel=0.00"
"com.modelmakertools.simplemind-osx-trial","SimpleMind Pro Trial","simplemind-pro-trial","native","https://modelmakertools.com/","","reverse-dns","medium","ModelMaker Tools","candidate modelmakertools.com; rel=0.00"
"com.Wondershare.Video-Converter-Pro","Wondershare Video Converter Pro","wondershare-video-converter-pro","unreported","https://www.wondershare.com/","","reverse-dns","medium","Wondershare - The Creator's Era of AI-Powered Creativity","candidate wondershare.com; rel=0.25"
"com.firealpaca","FireAlpaca","firealpaca","unreported","https://firealpaca.com/","","reverse-dns","medium","FireAlpaca｜Free Digital Painting Software","candidate firealpaca.com; rel=1.00"
"org.spyder-ide.Spyder","Spyder","spyder","unreported","https://www.spyder-ide.org/","","reverse-dns","medium","","candidate spyder-ide.org; rel=1.00"
"com.deadbeef.DeaDBeeF","DeaDBeeF","deadbeef","native","https://deadbeef.sourceforge.io/","","web-search","high","","web: deadbeef.sourceforge.io"
"net.elasticthreads.nv","nvALT","nvalt","unreported","https://brettterpstra.com/projects/nvalt/","","web-search","high","","web: brettterpstra.com"
"com.softaculous.Ampps","Ampps","ampps","unreported","https://softaculous.com/","","reverse-dns","medium","Softaculous &#8211; Apps and WordPress Manager","candidate softaculous.com; rel=0.00"
"com.pilotmoon.popclip","PopClip","popclip","native","https://pilotmoon.com/","","reverse-dns","medium","Pilotmoon Software","candidate pilotmoon.com; rel=0.00"
"com.etinysoft.Total-Video-Converter-Lite","Total Video Converter Lite","total-video-converter-lite","unreported","http://www.macvideostudio.com/total-video-converter-mac.html","https://apps.apple.com/us/app/total-video-converter-lite/id520374433?mt=12&uo=4","itunes-seller","high","","MAS: Total Video Converter Lite v3.7.1"
"com.electron.gapminder-offline","Gapminder Offline","gapminder-offline","unreported","https://www.gapminder.org/tools-offline/","","web-search","high","","web: gapminder.org"
"com.ootpdevelopments.ootp23macqlm","OOTP Baseball 23","ootp-baseball-23","unreported","https://www.ootpdevelopments.com/","","reverse-dns","medium","Out of the Park Developments","candidate ootpdevelopments.com; rel=0.50"
"app.fopnu.SponsorBlock-for-YouTube","SponsorBlock for YouTube","sponsorblock-for-youtube","native","https://fopnu.com/","","reverse-dns","medium","Fopnu.com - Home","candidate fopnu.com; rel=0.00"
"com.github.stenzek.duckstation","DuckStation","duckstation","native","https://www.duckstation.org/","","web-search","high","","web: duckstation.org"
"com.xkoji.altair","Altair GraphQL Client","altair-graphql-client","native","https://altairgraphql.dev/","","web-search","high","","web: altairgraphql.dev"
"com.x-rite.i1Studio","i1Studio","i1studio","unreported","https://www.xrite.com/categories/calibration-profiling/i1studio","","web-search","high","","web: xrite.com"
"com.xrite.passport.cameracalibration","ColorChecker Passport","colorchecker-passport","unreported","https://www.xrite.com/","","reverse-dns","medium","X-Rite Color Management Workflows | Comprehensive Color Standards","candidate xrite.com; rel=0.00"
"com.mcleodgaming.ssf2","SSF2","ssf2","unreported","https://www.mcleodgaming.com/","","reverse-dns","medium","McLeodGaming","candidate mcleodgaming.com; rel=0.00"
"com.mortenjust.flotato","Flotato","flotato","native","https://mortenjust.com/","","reverse-dns","medium","Morten Just","candidate mortenjust.com; rel=0.00"
"com.stuffit.StuffIt-Expander16","StuffIt Expander","stuffit-expander","native","https://stuffit.com","https://apps.apple.com/us/app/stuffit-expander-16/id919269455?mt=12&uo=4","itunes-seller","high","","MAS: StuffIt Expander 16 v16.2"
"com.NeuralDSP.ArchetypeCoryWong","Archetype Cory Wong","archetype-cory-wong","unreported","https://neuraldsp.com/","","reverse-dns","medium","Neural DSP - Algorithmically Perfect<!-- --> - Neural DSP","candidate neuraldsp.com; rel=0.00"
"com.logitech.logitune","LogiTune","logitune","unreported","https://www.logitech.com/en-us/video-collaboration/software/logi-tune-software.html","","web-search","high","","web: logitech.com"
"com.gaosun.eul","eul","eul","native","https://apps.apple.com/us/app/eul/id1537133867?mt=12&uo=4","https://apps.apple.com/us/app/eul/id1537133867?mt=12&uo=4","itunes-appstore","high","","MAS: eul v1.2.3"
"com.wallwisher.padletonmac","Padlet","padlet","unreported","https://padlet.com/","","reverse-dns","medium","Padlet - Visual Collaboration for Creative Work and Education","retry candidate wallwisher.com"
"com.sophos.macendpoint.Sophos-Endpoint","Sophos Endpoint","sophos-endpoint","native","https://www.sophos.com/en-us","","reverse-dns","medium","Sophos: Defeat Cyberattacks with Cybersecurity as a Service","candidate sophos.com; rel=0.50"
"com.AconDigital.Acoustica","Acoustica","acoustica","native","https://acondigital.com/","","reverse-dns","medium","Acon Digital | Audio Editing and Processing","candidate acondigital.com; rel=0.00"
"org.sonicvisualiser.SonicVisualiser","Sonic Visualiser","sonic-visualiser","native","https://sonicvisualiser.org/","","reverse-dns","medium","Sonic Visualiser","candidate sonicvisualiser.org; rel=1.00"
"org.geogebra6.mac","GeoGebra Classic 6","geogebra-classic-6","native","https://www.geogebra.org/download","","web-search","high","","web: geogebra.org"
"com.electron.oss-browser","oss-browser","oss-browser","unreported","https://github.com/aliyun/oss-browser","","web-search","high","","web: github.com/aliyun/oss-browser"
"com.macsourceports.Extractor","Extractor","extractor","native","https://www.macsourceports.com/","","reverse-dns","medium","Mac Source Ports","candidate macsourceports.com; rel=0.00"
"com.oldunreal.unrealtournament","Unreal Tournament","unreal-tournament","native","https://oldunreal.com/","","reverse-dns","medium","OldUnreal, purely devoted to the old Unreal (Tournament) versions","candidate oldunreal.com; rel=1.00"
"com.macsourceports.arx-libertatis","arx-libertatis","arx-libertatis","native","https://www.macsourceports.com/","","reverse-dns","medium","Mac Source Ports","candidate macsourceports.com; rel=0.00"
"info.exult","exult","exult","native","https://exult.info/","","web-search","high","","web: exult.info"
"com.conceptdraw.cdpro","ConceptDraw DIAGRAM","conceptdraw-diagram","unreported","https://www.conceptdraw.com/products/drawing-tool","https://apps.apple.com/us/app/conceptdraw-diagram/id1500742553?mt=12&uo=4","itunes-seller","high","","MAS: ConceptDraw DIAGRAM v15.0.0"
"com.ted.backintime5","Back-In-Time 5","back-in-time-5","native","https://www.ted.com/","","reverse-dns","medium","TED: Ideas change everything","candidate ted.com; rel=0.00"
"de.pmw.CommentExtension","Comments","comments","unreported","https://pmw.com/","","reverse-dns","medium","pmw.com","candidate pmw.com; rel=0.00"
"com.yworks.yEd","yEd","yed","unreported","https://www.yworks.com/","","reverse-dns","medium","yWorks - the diagramming experts","candidate yworks.com; rel=0.00"
"org.freeplane.launcher","Freeplane","freeplane","native","https://docs.freeplane.org/","","reverse-dns","medium","Home - Freeplane Documentation","candidate freeplane.org; rel=1.00"
"uk.co.darwinia","Darwinia","darwinia","native","https://www.introversion.co.uk/introversion/","","reverse-dns","medium","Introversion Software","candidate darwinia.co.uk; rel=1.00"
"com.keypasco.vakten","Vakten","vakten","unreported","https://www.keypasco.com/","","reverse-dns","medium","Home - MFA 多因素身分認證與企業零信任解決方案 | Keypasco","candidate keypasco.com; rel=0.00"
"com.netease.163music","NeteaseMusic","neteasemusic","native","http://netease.com/","","reverse-dns","medium","����","candidate netease.com; rel=0.00"
"com.apipost.apipost.fe.desctop.cn.6.x","ApiPost6","apipost6","native","http://apipost.com/","","reverse-dns","medium","apipost","candidate apipost.com; rel=0.00"
"SwitchHosts","SwitchHosts","switchhosts","native","https://github.com/oldj/SwitchHosts","","web-search","high","","web: github.com/oldj/SwitchHosts"
"com.kingsoft.wpsoffice.mac","wpsoffice","wpsoffice","native","https://kingsoft.com/","","reverse-dns","medium","KINGSOFT 金山","candidate kingsoft.com; rel=0.00"
"com.teleworks.EUT-SRA-MAC","Verizon Software Upgrade Assistant - LG","verizon-software-upgrade-assistant-lg","unreported","https://teleworks.com/","","reverse-dns","medium","","candidate teleworks.com; rel=0.00"
"com.axure.AxureRP8","Axure RP 8","axure-rp-8","unreported","https://www.axure.com/","","reverse-dns","medium","Axure RP - UX Prototypes, Specifications, and Diagrams in One Tool - Axure","candidate axure.com; rel=1.00"
"ilog.odms.ide.rcp.product","Oplide","oplide","unreported","https://odms.com/","","reverse-dns","medium","","candidate odms.com; rel=0.00"
"com.hunlongyu.zy","ZY Player","zy-player","unreported","https://github.com/Hunlongyu/ZY-Player","","web-search","high","","web: github.com/Hunlongyu/ZY-Player"
"com.github.marktext.marktext","MarkText","marktext","native","https://github.com/marktext/marktext","","web-search","high","","web: github.com/marktext/marktext"
"com.getflywheel.lightning.local","Local","local","unreported","https://getflywheel.com/","","reverse-dns","medium","Flywheel | Managed Hosting for Designers and Agencies","candidate getflywheel.com; rel=0.00"
"co.trackingtime.tray","TrackingTime","trackingtime","unreported","https://trackingtime.co/","","reverse-dns","medium","Time Tracking Software for Teams – TrackingTime","candidate trackingtime.co; rel=1.00"
"org.outline.macos.client","Outline","outline","unreported","https://outline.com/","","reverse-dns","medium","","candidate outline.com; rel=1.00"
"net.openra.mod.d2k","Dune 2000","dune-2000","unreported","https://www.openra.net/","","reverse-dns","medium","OpenRA - Classic strategy games rebuilt for the modern era","candidate openra.net; rel=0.00"
"net.kuribo64.melonDS","melonDS","melonds","native","https://kuribo64.net/","","reverse-dns","medium","Kuribo64","candidate kuribo64.net; rel=0.00"
"net.evanm.SmileAllDay","SmileAllDay","smileallday","native","https://evanm.net/","","reverse-dns","medium","evanm.net","candidate evanm.net; rel=0.00"
"com.chengyinliu.WhatFontMac","WhatFont","whatfont","unreported","https://chengyinliu.com/","","reverse-dns","medium","Chengyin Liu","candidate chengyinliu.com; rel=0.00"
"com.fiplab.batteryhealth","Battery Health","battery-health","unreported","https://fiplab.com/","","reverse-dns","medium","FIPLAB — Mac &amp; iOS Apps","candidate fiplab.com; rel=0.00"
"codes.rambo.NoiseBuddy","NoiseBuddy","noisebuddy","native","https://rambo.com/","","reverse-dns","medium","","candidate rambo.com; rel=0.00"
"com.loom.desktop","Loom","loom","native","https://www.loom.com/","","reverse-dns","medium","Free screen recorder for Mac and PC | Loom","candidate loom.com; rel=1.00"
"com.PDFEditoMac.PDFEditorMac","PDF Editor Mac","pdf-editor-mac","unreported","https://www.pdfeditormac.com/","","web-search","high","","web: pdfeditormac.com"
"com.electron.3cx-desktop-app","3CX Desktop App","3cx-desktop-app","native","https://www.3cx.com/","","web-search","high","","web: 3cx.com"
"com.ikmultimedia.ST3","SampleTank 3","sampletank-3","unreported","https://www.ikmultimedia.com/","","reverse-dns","medium","IK MULTIMEDIA. SOUND BETTER.","candidate ikmultimedia.com; rel=0.00"
"com.dhtech.mac.Wallpaper","iWall","iwall","unreported","http://www.iwall.top/en","https://apps.apple.com/us/app/iwall-dynamic-desktop-engine/id1214761683?mt=12&uo=4","itunes-seller","high","","MAS: iWall-Dynamic Desktop Engine v9.0.1"
"com.install4j.1726-2696-9539-5278.69","FTBApp","ftbapp","unreported","https://feed-the-beast.com/ftb-app","","web-search","high","","web: feed-the-beast.com"
"com.venustech.bastion.bhap","Bastion","bastion","unreported","http://venustech.com/","","reverse-dns","medium","Redirecting...","candidate venustech.com; rel=0.00"
"org.love2d.love","LÖVE","love","native","https://love2d.org/","","reverse-dns","medium","LÖVE - Free 2D Game Engine","candidate love2d.org; rel=0.00"
"com.jagex.RuneScape","RuneScape","runescape","unreported","http://runescape.com","https://apps.apple.com/us/app/runescape/id1332022656?uo=4","itunes-seller","high","","MAS: RuneScape v948.4"
"com.seagate.toolkit","Toolkit","toolkit","unreported","https://www.seagate.com/","","reverse-dns","medium","Leaders in mass-capacity storage | Seagate US","candidate seagate.com; rel=0.00"
"org.fiji","Fiji","fiji","unreported","https://fiji.org/","","reverse-dns","medium","Private Site","candidate fiji.org; rel=1.00"
"com.gslbiotech.snapgene","SnapGene","snapgene","unreported","https://www.snapgene.com/","","web-search","high","","web: snapgene.com"
"com.federicoterzi.espanso","Espanso","espanso","native","https://federicoterzi.com/","","reverse-dns","medium","Federico Terzi - A Software Engineering Journey","candidate federicoterzi.com; rel=0.00"
"org.manymc.ManyMC","ManyMC","manymc","native","https://github.com/MinecraftMachina/ManyMC","","web-search","high","","web: github.com/MinecraftMachina/ManyMC"
"com.onecast.macos","OneCast","onecast","unreported","https://www.onecast.me/","","web-search","high","","web: onecast.me"
"com.ankama.zaap","Ankama Launcher","ankama-launcher","unreported","https://www.ankama.com/en/launcher","","web-search","high","","web: ankama.com"
"com.f5.epi","F5 Endpoint Inspector","f5-endpoint-inspector","unreported","https://www.f5.com/","","reverse-dns","medium","","candidate f5.com; rel=0.00"
"com.phoenix-dev.setresx","SetResX","setresx","unreported","https://phoenix-dev.com/","","reverse-dns","medium","Home - AppDev School","candidate phoenix-dev.com; rel=0.00"
"ru.starline.starline-master","Starline Master","starline-master","unreported","https://www.starline.ru/","","reverse-dns","medium","StarLine официальный сайт - ООО «НПО «СтарЛайн»","candidate starline.ru; rel=0.50"
"net.battle.bootstrapper","World of Warcraft Launcher","world-of-warcraft-launcher","unreported","https://battle.com/","","reverse-dns","medium","旅法师营地-有温度的玩家社区-旅法师营地","candidate battle.com; rel=0.00"
"org.netbeans.ide.nbide.14","Apache NetBeans 14","apache-netbeans-14","unreported","https://netbeans.apache.org/front/main/index.html","","reverse-dns","medium","Welcome to Apache NetBeans","candidate netbeans.org; rel=1.00"
"com.nchsoftware.expressburndefree","Express Burn Disc-Brennprogramm","express-burn-disc-brennprogramm","unreported","https://www.nchsoftware.com/","","reverse-dns","medium","NCH Software - Download Free Software Programs Online","candidate nchsoftware.com; rel=0.00"
"com.movavi.videoeditorplus22","Movavi Video Editor Plus 2022","movavi-video-editor-plus-2022","unreported","https://www.movavi.com/mac.html","","reverse-dns","medium","Trusted Multimedia Software for your Mac | Movavi","candidate movavi.com; rel=0.20"
"cool.eagle.extension","Eagle for Safari","eagle-for-safari","native","https://www.eagle.com/","","reverse-dns","medium","Personal Loans Made Easy with Affordable Monthly Payments - Eagle Loan Company","candidate eagle.com; rel=0.33"
"com.tyirvine.Informant","Informant","informant","native","https://github.com/tyirvine/Informant","","web-search","high","","web: github.com/tyirvine/Informant"
"com.shortery-app.Shortery","Shortery","shortery","native","https://apps.apple.com/us/app/shortery/id1594183810","https://apps.apple.com/us/app/shortery/id1594183810","web-search","high","","web: Mac App Store (numberfive.co)"
"com.baigesoft.ColorfulFolder","ColorfulFolder","colorfulfolder","native","https://baigesoft.com/","","reverse-dns","medium","BaigeSoft","candidate baigesoft.com; rel=0.00"
"com.pash.pomidor","Tadama","tadama","native","https://00b.in/tadama/privacy","https://apps.apple.com/us/app/tadama-workflow-timer/id1415817706?mt=12&uo=4","itunes-seller","high","","MAS: Tadama — Workflow Timer v1.6.3"
"com.splook.SimpleFloatingClock","SimpleFloatingClock","simplefloatingclock","unreported","https://splook.com/","","reverse-dns","medium","","candidate splook.com; rel=0.00"
"com.leadertech.powerReg","XeroxUniversal Registration","xeroxuniversal-registration","unreported","https://leadertech.com/","","reverse-dns","medium","","candidate leadertech.com; rel=0.00"
"ru.yandex.desktop.disk","Yandex.Disk","yandexdisk","unreported","https://sso.passport.yandex.ru/push?uuid=f1290ef7-0091-48c3-ac09-76e93b0a5a53&retpath=https%3A%2F%2Fdzen.ru%2F%3Fyredirect%3Dtrue%26is_autologin_ya%3Dtrue","","reverse-dns","medium","","candidate yandex.ru; rel=0.50"
"gov.nasa.arc.dert.Dert","DERT","dert","unreported","https://nasa.com/","","reverse-dns","medium","nasa.com","candidate nasa.com; rel=0.00"
"juicebox.MainWindow","Juicebox","juicebox","unreported","https://juicebox.net/","","web-search","high","","web: juicebox.net (JuiceboxBuilder desktop app by SimpleViewer Inc.)"
"space.celestia.Celestia","Celestia","celestia","native","https://celestia.org/","","reverse-dns","medium","Fibre Optic Performance for Millisecond Markets | Celestia","candidate celestia.com; rel=1.00"
"com.yourcompany.MieSimulatorGUI-v1-3","MieSimulatorGUI_v1_3","miesimulatorguiv13","unreported","https://github.com/VirtualPhotonics/MieSimulatorGUI","","web-search","high","","web: Official open-source GitHub repository (Virtual Photonics Technology Initiative)"
"com.crystalidea.macsfancontrol","Macs Fan Control","macs-fan-control","native","https://crystalidea.com/","","reverse-dns","medium","CrystalIDEA - Uninstall Tool, Uninstall Software, Remove Programs, AnyToISO & Macs Fan Control","candidate crystalidea.com; rel=1.00"
"de.exactcode.ExactScan Pro","ExactScan Pro","exactscan-pro","unreported","https://exactcode.de/","","reverse-dns","medium","ExactCODE - higher quality software","candidate exactcode.de; rel=0.00"
"org.reactjs.native.example.amac","amac","amac","unreported","https://react.dev/","","reverse-dns","medium","React","candidate reactjs.org; rel=0.00"
"com.AnthonyDaMota.KnightTouchBar2000","KnightTouchBar2000","knighttouchbar2000","unreported","https://github.com/AkdM/KnightTouchBar2000","","web-search","high","","web: Official GitHub repo by Anthony Da Mota (AkdM)"
"ca.embeddedsoft.ipcalculatorver4","ipcalculatorver4","ipcalculatorver4","unreported","https://mac.softpedia.com/get/Network-Admin/Ip-Calculator-v4.shtml","","web-search","medium","","web: EmbeddedSoft Canada IP Calculator v4; no live official homepage found, third-party listing used"
"com.maxum.rumpus","Rumpus","rumpus","unreported","https://maxum.com/","","reverse-dns","medium","Maxum Development","candidate maxum.com; rel=0.00"
"io.github.openconnect.openconnect-gui","OpenConnect-GUI","openconnect-gui","unreported","https://gitlab.com/openconnect/openconnect-gui","","web-search","high","","web: Official OpenConnect GUI project (moved to GitLab)"
"com.xiaoyi.yihome.international.mac","YiHomeMac International","yihomemac-international","unreported","https://www.xiaoyi.com/","","reverse-dns","medium","小蚁科技-专注于计算机视觉、边缘智能、边缘计算的创新企业，上海云蚁智联公司","candidate xiaoyi.com; rel=0.00"
"com.install4j.8894-1892-1685-3469.10675","Alice 3 Installer","alice-3-installer","unreported","https://www.alice.org/get-alice/","","web-search","high","","web: Official Alice website (Carnegie Mellon University)"
"com.nuebling.mac-mouse-fix","Mac Mouse Fix","mac-mouse-fix","native","https://macmousefix.com/","","web-search","high","","web: Official website by Noah Nuebling"
"cc.ffitch.shottr","Shottr","shottr","native","https://ffitch.com/","","reverse-dns","medium","Frank and Abby Fitch","candidate ffitch.com; rel=0.00"
"org.playonmac.playonmac","PlayOnMac","playonmac","unreported","https://www.playonmac.com/en/","","reverse-dns","medium","Home - PlayOnMac - Run your Windows applications on Mac easily!","candidate playonmac.org; rel=1.00"
"com.fxfactory.FxFactory","FxFactory","fxfactory","native","https://fxfactory.com/","","reverse-dns","medium","FxFactory","candidate fxfactory.com; rel=1.00"
"com.codetectonics.BitPerfect","BitPerfect","bitperfect","unreported","https://apps.apple.com/us/app/bitperfect/id455545700","https://apps.apple.com/us/app/bitperfect/id455545700","web-search","medium","","web: Mac App Store (primary distribution; official blog bitperfectsound.blogspot.com)"
"com.vincent-neo.Avenue","Avenue","avenue","native","https://vincent-neo.com/","","reverse-dns","medium","","candidate vincent-neo.com; rel=0.00"
"com.air-music-technology.Authorizer","Authorizer","authorizer","unreported","https://www.airmusictech.com/","","web-search","high","","web: Official AIR Music Technology website (Authorizer is AIR's license activation utility)"
"com.logmein.goto","GoTo","goto","native","https://www.logmein.com/","","reverse-dns","medium","LogMeIn: Remote Access Software &amp; Remote Support Solutions","candidate logmein.com; rel=0.00"
"manager.clipboard.kuaitie","kuaitie","kuaitie","native","https://kuaitie.cloud/","","web-search","high","","web: Official website (快贴 cross-platform cloud clipboard)"
"com.edrawsoft.edrawmax","EdrawMax","edrawmax","unreported","https://www.edrawsoft.com/","","reverse-dns","medium","[OFFICIAL] Edraw Software: Unlock Diagram Possibilities","candidate edrawsoft.com; rel=0.00"
"com.logitech.Logi-Options","Logi Options","logi-options","native","https://www.logitech.com/en-us/software/options.html","","web-search","high","","web: Official Logitech download page for Logi Options (legacy, pre-Options+)"
"org.apache.directory.studio.product","ApacheDirectoryStudio","apachedirectorystudio","unreported","https://apache.org/","","reverse-dns","medium","Welcome to The Apache Software Foundation | Apache Software Foundation","candidate apache.org; rel=0.00"
"com.lihaoyun6.PD-Runner","PD Runner","pd-runner","native","https://github.com/lihaoyun6/PD-Runner","","web-search","high","","web: Official GitHub repo by lihaoyun6"
"org.kde.kdenlive","Kdenlive","kdenlive","unreported","https://kde.org/","","reverse-dns","medium","Home - KDE Community","candidate kde.org; rel=0.00"
"com.yourcompany.Olive","Olive","olive","unreported","https://www.olivevideoeditor.org/","","web-search","medium","","web: Official Olive video editor website; bundle ID is a generic placeholder so identity not definitive"
"com.cabbageaudio.cabbage","Cabbage","cabbage","unreported","https://cabbageaudio.com/","","reverse-dns","medium","Home | Cabbage Audio","candidate cabbageaudio.com; rel=1.00"
"com.brattoo.Duplicate-Annihilator-for-Photos","Duplicate Annihilator for Photos","duplicate-annihilator-for-photos","unreported","https://brattoo.com/","","reverse-dns","medium","Brattoo Propaganda Software","candidate brattoo.com; rel=0.00"
"com.fireebok.photoexifer","Photo Exifer","photo-exifer","unreported","https://www.fireebok.com/","","reverse-dns","medium","iPhone Data Recovery &amp; iOS Maintenance Utilities - Fireebok","candidate fireebok.com; rel=0.00"
"jp.co.celsys.CLIPSTUDIO","CLIP STUDIO","clip-studio","unreported","https://co.com/","","reverse-dns","medium","co.com","candidate co.com; rel=0.00"
"app.cradle.CradleHub","CradleHub","cradlehub","unreported","https://cradle.app/","","reverse-dns","medium","Cradle","candidate cradle.app; rel=0.00"
"org.fmod.fmodstudio","FMOD Studio","fmod-studio","unreported","https://www.fmod.com/","","reverse-dns","medium","","candidate fmod.org; rel=0.50"
"com.blacktree.Quicksilver","Quicksilver","quicksilver","unreported","https://qsapp.com/","","web-search","high","","web: Official Quicksilver website (originally Blacktree, now QSApp)"
"KingToolbox.WindTerm","WindTerm","windterm","unreported","https://windterm.com/","","reverse-dns","medium","WINDTERM.COM MAY BE AVAILABLE!","candidate windterm.com; rel=1.00"
"com.cyberex.SecAccess","Cyberex SecAccess","cyberex-secaccess","unreported","https://electrification.us.abb.com/products","","reverse-dns","medium","Products | ABB Electrification U.S.","candidate cyberex.com; rel=0.50"
"com.topazlabs.Topaz-Video-Enhance-AI","Topaz Video Enhance AI","topaz-video-enhance-ai","native","https://www.topazlabs.com/","","reverse-dns","medium","Professional photo &amp; video enhancement powered by AI | Topaz Labs","candidate topazlabs.com; rel=0.67"
"com.eltima.elmedia6.mas","Elmedia Video Player","elmedia-video-player","native","https://www.eltima.com/","","reverse-dns","medium","USB over Ethernet, Virtual Serial Port, Serial to Ethernet Connector, Serial Port Monitor","candidate eltima.com; rel=0.00"
"com.wdc.edgeRoverInstaller","Install EdgeRover","install-edgerover","native","https://www.westerndigital.com/","","reverse-dns","medium","High-Capacity HDDs for PCs, NAS, Gaming, Data Centers, and AI Data Cycles | WD","candidate wdc.com; rel=0.00"
"com.logitech.vc.CameraSettings","Camera Settings","camera-settings","unreported","https://support.logi.com/hc/en-us/articles/360025290213-Logitech-Camera-Settings","","web-search","medium","","web: Official Logitech support/download page (Logitech Camera Settings for ConferenceCams/webcams)"
"com.stockmarketeye.desktop","StockMarketEye","stockmarketeye","native","https://stockmarketeye.com/goodbye/","","reverse-dns","medium","StockMarketEye - Goodbye","candidate stockmarketeye.com; rel=1.00"
"com.install4j.5889-6375-8446-2021.6775","Trader Workstation Installer","trader-workstation-installer","unreported","https://www.interactivebrokers.com/en/trading/download-tws.php","","web-search","high","","web: Official Interactive Brokers Trader Workstation (TWS) download page"
"com.haansoft.HancomOfficeViewer.Mac","HwpMac2014VIEWER","hwpmac2014viewer","unreported","https://www.hancom.com/","","reverse-dns","medium","Hancom","candidate haansoft.com; rel=0.00"
"com.movavi.videoconverter22","Movavi Video Converter 22 Premium","movavi-video-converter-22-premium","unreported","https://www.movavi.com/mac.html","","reverse-dns","medium","Trusted Multimedia Software for your Mac | Movavi","candidate movavi.com; rel=0.25"
"com.wondershare.Installer","UniConverter 13 Installer","uniconverter-13-installer","unreported","https://www.wondershare.com/","","reverse-dns","medium","Wondershare - The Creator's Era of AI-Powered Creativity","candidate wondershare.com; rel=0.00"
"com.meetfranz.franz","Franz","franz","native","https://meetfranz.com/","","reverse-dns","medium","","candidate meetfranz.com; rel=1.00"
"se.algoryx.algodoo-regular","Algodoo","algodoo","unreported","https://www.algoryx.se/","","reverse-dns","medium","Algoryx | Physical AI and Physics-Based Digital Twins","candidate algoryx.se; rel=0.00"
"com.avg.Cleaner","AVG Cleaner","avg-cleaner","unreported","http://www.avg.com/avg-cleaner-for-mac","https://apps.apple.com/us/app/avg-cleaner/id667434228?mt=12&uo=4","itunes-seller","high","","MAS: AVG Cleaner v14.0.4766"
"jp.nonamehacha.AliceInCradle","AliceInCradle","aliceincradle","native","https://aliceincradle.com/","","web-search","high","","web: Official website by NanameHacha"
"com.trendmicro.adblockone","AdBlock One","adblock-one","native","https://www.trendmicro.com/en_us/business.html","","reverse-dns","medium","Trend Micro (US) | Global Enterprise AI Cybersecurity Platform","candidate trendmicro.com; rel=0.00"
"nl.jeffreykuiken.NoirApp.mac","Noir","noir","native","https://jeffreykuiken.nl/","","reverse-dns","medium","","candidate jeffreykuiken.nl; rel=0.00"
"com.atomixproductions.virtualdj","VirtualDJ","virtualdj","native","https://virtualdj.com/atomixproductions/","","reverse-dns","medium","VirtualDJ - Atomix Productions","candidate atomixproductions.com; rel=1.00"
"com.glouel.AerialUpdater","Aerial Companion","aerial-companion","native","https://github.com/glouel/Aerial","","web-search","high","","web: Official GitHub repo (Aerial / AerialCompanion by glouel)"
"com.todoist.mac.Todoist","Todoist","todoist","native","https://www.todoist.com/","","reverse-dns","medium","Todoist | A To-Do List to Organize Your Work &amp; Life","candidate todoist.com; rel=1.00"
"com.sogou.SGSkinEditor","SGSkinEditor","sgskineditor","unreported","https://sogou.com/","","reverse-dns","medium","搜狗搜索引擎 - 上网从搜狗开始","candidate sogou.com; rel=0.00"
"com.electron.firefoo","Firefoo","firefoo","unreported","https://www.firefoo.com/","","web-search","high","","web: Official website (Firefoo Firebase Firestore GUI client)"
"com.earlystudio.esound","eSound Music","esound-music","native","http://earlystudio.com/","","reverse-dns","medium","DOMAIN ERROR","candidate earlystudio.com; rel=0.00"
"com.piriform.ccleaner","CCleaner","ccleaner","native","https://www.ccleaner.com/ccleaner-mac","","web-search","high","","web: Official CCleaner (Piriform) website"
"com.ikmultimedia.ARC3Analysis","ARC 3 Analysis","arc-3-analysis","unreported","https://www.ikmultimedia.com/","","reverse-dns","medium","IK MULTIMEDIA. SOUND BETTER.","candidate ikmultimedia.com; rel=0.00"
"com.Taqs-im.SOLO","SOLO","solo","native","https://taqs.im/shop/solo/","","web-search","high","","web: Official TAQS.IM website (SOLO: World Synth plugin)"
"com.FractalAudio.AX8Edit","AX8-Edit","ax8-edit","unreported","https://www.fractalaudio.com/","","reverse-dns","medium","Fractal Audio Systems - Amp Modeling and Effects Processor Technology","candidate fractalaudio.com; rel=0.00"
"com.hitrust.security.PostWebATMService","PostWebATMService","postwebatmservice","unreported","https://www.hitrust.com/","","reverse-dns","medium","HiTRUST | Trusted authentication for seamless connections","candidate hitrust.com; rel=0.00"
"com.paloaltonetworks.GlobalProtect.client","GlobalProtect","globalprotect","native","https://www.paloaltonetworks.com/","","reverse-dns","medium","Leader in Cybersecurity Protection &amp; Software for the Modern Enterprises - Palo Alto Networks","candidate paloaltonetworks.com; rel=0.00"
"com.dbvis.DbVisualizer","DbVisualizer","dbvisualizer","unreported","https://www.dbvis.com/","","reverse-dns","medium","SQL Client and Database Management Software - DbVisualizer","candidate dbvis.com; rel=1.00"
"com.tech4learning.Pixie4","Pixie","pixie","unreported","https://tech4learning.com/","","reverse-dns","medium","Tools to engage, create, and share | Tech4Learning","candidate tech4learning.com; rel=0.00"
"com.symantec.mes","Norton 360","norton-360","unreported","https://www.broadcom.com/products/cybersecurity","","reverse-dns","medium","Symantec™ Enterprise Cloud Cyber Security","candidate symantec.com; rel=0.00"
"com.tradingview.tradingviewapp.desktop","TradingView","tradingview","native","https://www.tradingview.com/","","reverse-dns","medium","TradingView — Track All Markets","candidate tradingview.com; rel=1.00"
"com.mailspring.mailspring","Mailspring","mailspring","unreported","https://mailspring.com/","","reverse-dns","medium","","candidate mailspring.com; rel=1.00"
"com.pearson.testnav.desktopapp","TestNav","testnav","unreported","https://www.pearson.com/en-us.html","","reverse-dns","medium","Create new possibilities with Pearson. Start learning today.","candidate pearson.com; rel=0.00"
"com.eht3.slicer","Dremel DigiLab 3D Slicer","dremel-digilab-3d-slicer","unreported","https://www.dremel.com/gn/en/digilab/software","","web-search","high","","web: Official Dremel DigiLab software page"
"jp.co.nikon.CaptureNX-D","Capture NX-D","capture-nx-d","unreported","https://www.jp.nikon.com/","","reverse-dns","medium","Nikon","candidate nikon.co.jp; rel=0.00"
"org.holmez.momentum","Momentum","momentum","unreported","https://www.holmez.com/","","reverse-dns","medium","","candidate holmez.org; rel=0.00"
"com.amvidia.To-MP3-Converter","To MP3 Converter","to-mp3-converter","unreported","https://amvidia.com/","","reverse-dns","medium","Free downloads of quality audio apps for Mac OS - Amvidia","candidate amvidia.com; rel=0.00"
"com.rtsoft.Growtopia","Growtopia","growtopia","unreported","http://growtopiagame.com","https://apps.apple.com/us/app/growtopia/id590495115?uo=4","itunes-seller","high","","MAS: Growtopia v5.49"
"com.jikedingzhi.GK6xPlus","GK6+","gk6","unreported","http://jikedingzhi.com/","","reverse-dns","medium","极客定制 - 个性化电子方案定制平台","candidate jikedingzhi.com; rel=0.00"
"org.flameshot","Flameshot","flameshot","unreported","https://flameshot.org/","","reverse-dns","medium","Flameshot | Open Source Screenshot Software","candidate flameshot.org; rel=1.00"
"com.duckduckgo.macos.PrivacyEssentials","DuckDuckGo Privacy Essentials","duckduckgo-privacy-essentials","native","https://duckduckgo.com/","","reverse-dns","medium","DuckDuckGo - Protection. Privacy. Peace of mind.","candidate duckduckgo.com; rel=0.67"
"com.deezer.deezer-desktop","Deezer","deezer","unreported","https://www.deezer.com/us/","","reverse-dns","medium","Deezer | Listen to music online | Music streaming app","candidate deezer.com; rel=1.00"
"pl.syncplay.Syncplay","Syncplay","syncplay","unreported","https://syncplay.pl/","","reverse-dns","medium","Syncplay","candidate syncplay.pl; rel=1.00"
"org.pythonmac.unspecified.labelImg","labelImg","labelimg","unreported","http://pythonmac.org/","","reverse-dns","medium","","candidate pythonmac.org; rel=0.00"
"com.electron.atrust","aTrust","atrust","unreported","https://www.sangfor.com/cybersecurity/solutions/zero-trust-guard-ztna","","web-search","medium","","web: Official Sangfor aTrust (Zero Trust Guard ZTNA) product page"
"com.hp.hp-easy-start","HP Easy Start","hp-easy-start","native","https://www.hp.com/us-en/home.html","","reverse-dns","medium","Laptop Computers, Desktops, Printers, Ink &amp; Toner | HP® Official Site","candidate hp.com; rel=0.00"
"com.hp.printerutility","HP Utility","hp-utility","native","https://www.hp.com/us-en/home.html","","reverse-dns","medium","Laptop Computers, Desktops, Printers, Ink &amp; Toner | HP® Official Site","candidate hp.com; rel=0.00"
"lrtimelapse.LRTimelapseApp","LRTimelapse 5","lrtimelapse-5","native","https://lrtimelapse.com/","","web-search","high","","web: Official LRTimelapse website"
"com.github.xournalpp","Xournal++","xournal","unreported","https://xournalpp.github.io/","","web-search","high","","web: Official project website / GitHub"
"com.flowjollc.flowjo","FlowJo","flowjo","unreported","https://www.flowjo.com/","","web-search","high","","web: Official FlowJo website (BD Biosciences)"
"io.macdaddy.Install-Disk-Creator","Install Disk Creator","install-disk-creator","native","https://macdaddy.io/","","reverse-dns","medium","MacDaddy — Easy Mac Apps for Backup, Recovery, Installers &amp; More","candidate macdaddy.io; rel=0.00"
"justinhamilton.Menu-Bar-Splitter","Menu Bar Splitter","menu-bar-splitter","native","https://github.com/jwhamilton99/menu-bar-splitter","","web-search","high","","web: Official GitHub repo by Justin Hamilton"
"com.connectify.Speedify","Speedify","speedify","unreported","https://speedify.com/","https://apps.apple.com/us/app/speedify-satellite-5g-bond/id999025824?uo=4","itunes-seller","high","","MAS: Speedify: Satellite + 5G Bond v16.9.1"
"MF.iMyFone Fixppo","iMyFone Fixppo","imyfone-fixppo","unreported","https://www.imyfone.com/ios-system-recovery/","","web-search","high","","web: Official iMyFone Fixppo product page"
"com.extensis.SuitcaseFusion","Suitcase Fusion","suitcase-fusion","native","https://www.extensis.com/","","reverse-dns","medium","Extensis Software | Font, Creative Asset, And Risk Management","candidate extensis.com; rel=0.00"
"com.line6.podgoedit","POD Go Edit","pod-go-edit","unreported","https://line6.com/","","reverse-dns","medium","Line 6 | Amp and Effects Processors, Effects Pedals, Guitar Amps, and more","candidate line6.com; rel=0.00"
"iainstall.4bf1d6f6-1f04-11b4-8e26-a2a1e730b221","CPLEX Optimization Studio 22.1","cplex-optimization-studio-221","unreported","https://www.ibm.com/products/ilog-cplex-optimization-studio","","web-search","high","","web: Official IBM ILOG CPLEX Optimization Studio product page"
"de.t7n.apps.mqtt-explorer","MQTT Explorer","mqtt-explorer","unreported","https://mqtt-explorer.com","https://apps.apple.com/us/app/mqtt-explorer/id1455214828?mt=12&uo=4","itunes-seller","high","","MAS: MQTT Explorer v0.3.5"
"com.genelec.GLM4","GLMv4","glmv4","unreported","https://www.genelec.com/","","reverse-dns","medium","World Leader in Studio Monitors - Genelec.com","candidate genelec.com; rel=0.00"
"com.owncloud.desktopclient","owncloud","owncloud","unreported","https://owncloud.com/","","reverse-dns","medium","ownCloud - share files and folders, easy and secure","candidate owncloud.com; rel=1.00"
"com.devstorm.dc3","DCommander","dcommander","native","https://devstorm-apps.com/dc/","https://apps.apple.com/us/app/dcommander-3-file-manager/id1169156457?mt=12&uo=4","itunes-seller","high","","MAS: DCommander 3 - File Manager v3.10.0"
"com.maxgoedjen.Secretive.Host","Secretive","secretive","native","https://maxgoedjen.social/","","reverse-dns","medium","Max Goedjen","candidate maxgoedjen.com; rel=0.00"
"de.tutao.tutanota","Tutanota Desktop","tutanota-desktop","unreported","https://tuta.com/","","reverse-dns","medium","Tuta: Turn ON privacy for free with secure emails, calendars &amp; contacts | Tuta","candidate tutao.de; rel=0.00"
"io.staruml.staruml","StarUML","staruml","native","https://staruml.io/","","reverse-dns","medium","StarUML","candidate staruml.io; rel=1.00"
"org.yuanli.utools","uTools","utools","native","https://home861685.wordpress.com/","","reverse-dns","medium","Site Title","candidate yuanli.org; rel=0.00"
"com.Wondershare.UniConverter","Wondershare UniConverter 13","wondershare-uniconverter-13","unreported","https://www.wondershare.com/","","reverse-dns","medium","Wondershare - The Creator's Era of AI-Powered Creativity","candidate wondershare.com; rel=0.50"
"com.Wondershare.VCUCNYouZhuan","Wondershare UniConverter","wondershare-uniconverter","unreported","https://www.wondershare.com/","","reverse-dns","medium","Wondershare - The Creator's Era of AI-Powered Creativity","candidate wondershare.com; rel=0.50"
"com.inmethod.AirVideoServerHD","Air Video Server HD","air-video-server-hd","unreported","https://airvideo.app/","","web-search","high","","web: Official Air Video HD website (InMethod)"
"net.langui.NewFileMenu","NewFileMenu","newfilemenu","native","https://apps.apple.com/us/app/new-file-menu/id1064959555?mt=12&uo=4","https://apps.apple.com/us/app/new-file-menu/id1064959555?mt=12&uo=4","itunes-appstore","high","","MAS: New File Menu v1.8.7"
"com.systweak.Disk-Analyzer-Pro","Disk Analyzer Pro","disk-analyzer-pro","unreported","https://www.systweak.com/","","reverse-dns","medium","Systweak Software | Digital Productivity & Security Software","candidate systweak.com; rel=0.00"
"com.macility.keycue","KeyCue","keycue","native","https://macility.com/en/","","reverse-dns","medium","Productivity tools for Mac and Windows | ergonis","candidate macility.com; rel=0.00"
"com.jedictx","JEDict","jedict","unreported","http://jedict.com/","","web-search","high","","web: Official JEDict website (Sergey Kurkin)"
"pureref.app-id","PureRef","pureref","unreported","https://www.pureref.com/","","web-search","high","","web: Official PureRef website (Idyllic Pixel)"
"com.virae.Keyboard-Lock","KeyboardLock","keyboardlock","unreported","https://keyboardlock.app/","","web-search","medium","","web: Official website (BabyKeyboard Lock)"
"net.badlion.client","Badlion Client","badlion-client","unreported","https://www.badlion.net/","","web-search","high","","web: Official Badlion website"
"Crisp","Crisp","crisp","native","https://crisp.chat/en/apps/","","web-search","medium","","web: Official Crisp website (customer messaging desktop apps)"
"com.jumpcloud.jcagent-tray","Jumpcloud","jumpcloud","unreported","https://jumpcloud.com/","","reverse-dns","medium","","candidate jumpcloud.com; rel=1.00; PARKED?"
"com.hautetechnique.artnetview","ArtNetView","artnetview","unreported","https://hautetechnique.com/","","reverse-dns","medium","Haute Technique - Creative Technology","candidate hautetechnique.com; rel=0.00"
"com.thecargocult.envyeditor","Envy","envy","unreported","https://www.thecargocult.nz/products/envy/","","web-search","high","","web: Official vendor product page (The Cargo Cult); bundleId com.thecargocult matches"
"com.universalpresenterremote.desktop","Universal Presenter Remote","universal-presenter-remote","unreported","https://universalpresenterremote.com/","","reverse-dns","medium","UPR: Universal Presenter Remote","candidate universalpresenterremote.com; rel=1.00"
"com.audiocontrol.dmsmartdsp.mac","DM Smart DSP","dm-smart-dsp","native","https://audiocontrol.com/","","reverse-dns","medium","AudioControl Car Audio - Making Good Sound Great","candidate audiocontrol.com; rel=0.00"
"com.design.spline","Spline","spline","native","https://www.design.com/","","reverse-dns","medium","Logo, Graphic &amp; AI Design | Design.com","candidate design.com; rel=0.00"
"audioquest.AQ-Device-Manager","AQ Device Manager","aq-device-manager","unreported","https://www.audioquest.com/pages/dragonfly-firmware-updates","","web-search","high","","web: Official AudioQuest firmware/Device Manager page; bundleId audioquest.* matches"
"tv.plex.plexamp","Plexamp","plexamp","native","https://watch.plex.tv/","","reverse-dns","medium","","candidate plex.tv; rel=0.00"
"at.eggerapps.mdbviewer","MDB ACCDB Viewer","mdb-accdb-viewer","unreported","https://eggerapps.at/","","reverse-dns","medium","Egger Apps: Database software for macOS","candidate eggerapps.at; rel=0.00"
"com.joshjacob.TNEFsEnough","TNEF's Enough","tnefs-enough","unreported","https://apps.apple.com/us/app/tnefs-enough/id986621173?mt=12&uo=4","https://apps.apple.com/us/app/tnefs-enough/id986621173?mt=12&uo=4","itunes-appstore","high","","MAS: TNEF's Enough v3.8"
"com.jft.pdanet","PdaNetMac","pdanetmac","unreported","http://www.junefabrics.com/iphone/mac.php","","web-search","high","","web: Official June Fabrics (JFT) PdaNet Desktop for Mac page"
"net.defensezone3.mac","Defense Zone 3 Ultra HD","defense-zone-3-ultra-hd","native","https://apps.apple.com/us/app/defense-zone-3-ultra-hd/id1020277690","https://apps.apple.com/us/app/defense-zone-3-ultra-hd/id1020277690","web-search","high","","web: Mac App Store (primary distribution for this game)"
"net.torguard.TorGuardDesktopQt","TorGuardDesktopQt","torguarddesktopqt","unreported","https://torguard.net/downloads.php","","web-search","high","","web: Official TorGuard downloads page; bundleId net.torguard matches"
"com.tweaking4all.ApplePiBaker","ApplePiBaker","applepibaker","unreported","https://www.tweaking4all.com/","","reverse-dns","medium","Tweaking4All.com - Computer Tips, Tricks, ... for everyone ...","candidate tweaking4all.com; rel=0.00"
"com.macromedia.Flash Player.app","Flash Player","flash-player","unreported","https://www.adobe.com/products/flashplayer/end-of-life.html","","web-search","medium","","web: Adobe official Flash Player end-of-life page (product discontinued Dec 2020, no download available)"
"io.nextdns.NextDNSMac","NextDNS","nextdns","native","https://nextdns.io/","","reverse-dns","medium","NextDNS - The new firewall for the modern Internet","candidate nextdns.io; rel=1.00"
"com.movavi.screenrecorder22","Movavi Screen Recorder 22","movavi-screen-recorder-22","unreported","https://www.movavi.com/mac.html","","reverse-dns","medium","Trusted Multimedia Software for your Mac | Movavi","candidate movavi.com; rel=0.33"
"com.bankid.BankID","BankID","bankid","unreported","https://www.bankid.com/","","reverse-dns","medium","BankID","candidate bankid.com; rel=1.00"
"com.yme.slateaudio-center","Steven Slate Audio Center","steven-slate-audio-center","unreported","https://stevenslateaudio.com/en/installers","","web-search","high","","web: Official Steven Slate Audio installers page (Slate Audio Center)"
"com.toontrack.ezkeyshost","EZkeys","ezkeys","native","https://www.toontrack.com/","","reverse-dns","medium","Toontrack","candidate toontrack.com; rel=0.00"
"com.toontrack.ezdrummerhost","EZdrummer","ezdrummer","native","https://www.toontrack.com/","","reverse-dns","medium","Toontrack","candidate toontrack.com; rel=0.00"
"com.NeuralDSP.ArchetypeNolly","Archetype Nolly","archetype-nolly","unreported","https://neuraldsp.com/","","reverse-dns","medium","Neural DSP - Algorithmically Perfect<!-- --> - Neural DSP","candidate neuraldsp.com; rel=0.00"
"com.etresoft.EtreCheckMAS","EtreCheck","etrecheck","native","https://etresoft.com/en/index.html","","reverse-dns","medium","Etresoft","candidate etresoft.com; rel=0.00"
"kim.cracksby.checkra1n","checkra1n","checkra1n","native","https://checkra.in/","","web-search","high","","web: Official checkra1n project site (the only official download domain)"
"com.ngwin.1clipboard","1Clipboard","1clipboard","unreported","https://picpick.app/","","reverse-dns","medium","","candidate ngwin.com; rel=0.00"
"org.115browser.115Browser","115Browser","115browser","unreported","https://115.com/","","web-search","high","","web: Official 115 (115.com) site; PC browser product"
"com.SweetScape.010Editor","010 Editor","010-editor","unreported","https://sweetscape.com/010editor/","","reverse-dns","medium","010 Editor - Pro Text/Hex Editor | Edit 300+ Formats | Fast & Powerful | Reverse Engineering","candidate sweetscape.com; rel=1.00"
"com.yourcompany.Adobe_Lens_Profile_Creator","Adobe Lens Profile Creator","adobe-lens-profile-creator","unreported","https://helpx.adobe.com/x-productkb/multi/lens-profile-support.html","","web-search","medium","","web: Adobe official lens profile support page (Lens Profile Creator is an Adobe Labs utility; no dedicated current download page)"
"com.adobe.Adobe-Color-Printer-Utility","Adobe Color Printer Utility","adobe-color-printer-utility","unreported","https://www.adobe.com/","","reverse-dns","medium","Adobe: Creative, marketing and document management solutions","candidate adobe.com; rel=0.25"
"org.chiaki.chiaki","Chiaki","chiaki","unreported","https://chiaki.org/","","reverse-dns","medium","東京国際大学人間社会学部 田中千晶研究室 &#8211; 公衆衛生学、発育発達学、学校保健、運動生理学","candidate chiaki.org; rel=1.00"
"com.mobilegeographics.SkunkTracker","SkunkTracker","skunktracker","native","https://mobilegeographics.com/","","reverse-dns","medium","Mobile Geographics","candidate mobilegeographics.com; rel=0.00"
"com.syntevo.smartsvn","SmartSVN","smartsvn","unreported","https://www.syntevo.com/","","reverse-dns","medium","syntevo","candidate syntevo.com; rel=0.00"
"org.openmw.openmw","OpenMW","openmw","unreported","https://openmw.org/","","reverse-dns","medium","OpenMW","candidate openmw.org; rel=1.00"
"nz.co.pixeleyes.AutoMounter","AutoMounter","automounter","native","https://www.pixeleyes.co.nz/automounter/","https://apps.apple.com/us/app/automounter/id1160435653?mt=12&uo=4","itunes-seller","high","","MAS: AutoMounter v1.13.0"
"org.16-bits.ft2-clone-macos","Fasttracker II clone","fasttracker-ii-clone","native","https://16-bits.org/","","reverse-dns","medium","16-bits.org - home of 8bitbubsy","candidate 16-bits.org; rel=0.00"
"co.mattebot.polypad.appStore","Polypad","polypad","unreported","https://polypad.io","https://apps.apple.com/us/app/polypad-scriptable-textpad/id1589866547?mt=12&uo=4","itunes-seller","high","","MAS: Polypad Scriptable Textpad v1.5.3"
"de.martinlexow.Theine","Theine","theine","native","https://martinlexow.com/en","","reverse-dns","medium","Martin Lexow · Software Auteur","candidate martinlexow.com; rel=0.00"
"net.sourceforge.supercollider","SuperCollider","supercollider","unreported","https://supercollider.github.io/","","web-search","high","","web: Official SuperCollider project site; open-source"
"com.duplicacy.web","duplicacy_web_osx_arm64","duplicacywebosxarm64","native","https://duplicacy.com/","","reverse-dns","medium","Duplicacy","candidate duplicacy.com; rel=0.25"
"com.deepnest.io","Deepnest.io","deepnestio","unreported","https://deepnest.io/","","web-search","high","","web: Official Deepnest site; bundleId com.deepnest.io matches"
"com.zenstudios.ZenPinball2","Zen Pinball 2","zen-pinball-2","unreported","http://www.zenpinball.com/","https://apps.apple.com/us/app/zen-pinball-2/id527953383?mt=12&uo=4","itunes-seller","high","","MAS: Zen Pinball 2 v1.4.3"
"com.bakno.pinball","Pinball","pinball","unreported","http://www.bakno.com/Pinball/index.html","https://apps.apple.com/us/app/pinball/id404291235?mt=12&uo=4","itunes-seller","high","","MAS: Pinball v10.1.0"
"com.farsightstudios.osx.pinballarcade","Pinball Arcade","pinball-arcade","unreported","https://farsightstudios.com/","","reverse-dns","medium","FarSight Studios","candidate farsightstudios.com; rel=0.00"
"com.seasoft.similarImageFinder","1Click Duplicate Finder","1click-duplicate-finder","unreported","https://seasoft.com/","","reverse-dns","medium","IBM Z &amp; IBM i | Mainframe Software | AS400 Software | IT Service Management | IBM Z &amp; IBM i | Mainframe Software","candidate seasoft.com; rel=0.00"
"com.elimisoft.rarextract","RAR Extractor Max","rar-extractor-max","unreported","https://apps.apple.com/us/app/rar-extractor-unzip-file/id1535136051?mt=12&uo=4","https://apps.apple.com/us/app/rar-extractor-unzip-file/id1535136051?mt=12&uo=4","itunes-appstore","high","","MAS: RAR Extractor - Unzip File v13.7"
"com.BinaryFormations.HomeInventoryMac","Home Inventory","home-inventory","native","https://binaryformations.com/","","reverse-dns","medium","Binary Formations, LLC |","candidate binaryformations.com; rel=0.00"
"com.axure.AxureRP10","Axure RP 10","axure-rp-10","native","https://www.axure.com/","","reverse-dns","medium","Axure RP - UX Prototypes, Specifications, and Diagrams in One Tool - Axure","candidate axure.com; rel=1.00"
"net.arraynetworks.MacTunnel","MotionPro Plus","motionpro-plus","unreported","http://arraynetworks.net/","","reverse-dns","medium","","candidate arraynetworks.net; rel=0.00; PARKED?"
"com.sheepsystems.BookMacster","BookMacster","bookmacster","native","https://sheepsystems.com/","","reverse-dns","medium","Sheep Systems","candidate sheepsystems.com; rel=0.00"
"com.frontapp.Front","Front","front","unreported","https://front.com/","","reverse-dns","medium","Front | Customer service platform — powered by AI, designed for humans","candidate frontapp.com; rel=1.00"
"com.markmcguill.strongbox.mac.pro","Strongbox","strongbox","native","https://strongboxsafe.com/","","web-search","high","","web: Official Strongbox site (Mark McGuill / Phoebe Code); bundleId com.markmcguill matches"
"com.thinktimecreations.GridsLite","Grids","grids","unreported","https://thinktimecreations.com/","","reverse-dns","medium","ThinkTime Creations - Makers of popular Mac and iOS app Instant, PhotoSketcher, MemoryFreer & more","candidate thinktimecreations.com; rel=0.00"
"cn.luckey.nums-blue","Nums","nums","unreported","https://luckey.cn/","","reverse-dns","medium","Nums & Luckey: Innovative Technology for a Connected Lifestyle","candidate luckey.cn; rel=1.00"
"im.riot.app","Element","element","native","https://www.riotgames.com/en","","reverse-dns","medium","Riot Games. Developer of League of Legends, VALORANT, Teamfight Tactics, Legends of Runeterra, and Wild Rift. Creators o","candidate riot.com; rel=0.00"
"cn.wch.CH34xVCPDriver","CH34xVCPDriver","ch34xvcpdriver","native","https://wch.cn/","","reverse-dns","medium","Nanjing Qinheng Microelectronics Co., Ltd.","candidate wch.cn; rel=0.00"
"tw.com.TFB.TFBWebATM","TFBWebATM","tfbwebatm","unreported","http://tfb.com.tw/","","reverse-dns","medium","","candidate tfb.com.tw; rel=0.00"
"com.sao.SAOImageDS9","SAOImageDS9","saoimageds9","unreported","https://sites.google.com/cfa.harvard.edu/saoimageds9","","web-search","high","","web: Official SAOImageDS9 site (Harvard/CfA, Chandra X-ray Center)"
"com.prometheanworld.ActivSoftware.ActivInspire.1","ActivInspire","activinspire","unreported","https://www.prometheanworld.com/en/products/software/activinspire/","","web-search","high","","web: Official Promethean ActivInspire product page; bundleId com.prometheanworld matches"
"com.alexandrudenk.tabs-saver-for-safari","Tabs Saver for Safari","tabs-saver-for-safari","native","https://alexdenk.eu/mywork/tabssaver.html","","web-search","high","","web: Official developer page (Alex Denk); bundleId com.alexandrudenk matches. Also on Mac App Store id1440006971"
"com.playstation.RemotePlay","RemotePlay","remoteplay","native","https://www.playstation.com/en-us/","","reverse-dns","medium","PlayStation® Official Site: Consoles, Games, Accessories &amp; More","candidate playstation.com; rel=0.00"
"org.mersenne.Prime95","Prime95","prime95","unreported","https://www.mersenne.org/","","reverse-dns","medium","Great Internet Mersenne Prime Search - PrimeNet","candidate mersenne.org; rel=0.00"
"com.sopcast.SopCast","SopCast","sopcast","unreported","http://sopcast.com/","","reverse-dns","medium","Redirecting...","candidate sopcast.com; rel=1.00"
"com.blackmagic-design.davincicontrolpanels.utility","DaVinci Control Panels Setup","davinci-control-panels-setup","native","https://www.blackmagicdesign.com/","","reverse-dns","medium","Blackmagic Design","candidate blackmagic-design.com; rel=0.00"
"sddda.Panda","Panda","panda","unreported","https://panda.com/","","reverse-dns","medium","panda.com","candidate panda.com; rel=1.00; PARKED?"
"com.codiumlabs.offlinepages.osx","Offline Pages Pro","offline-pages-pro","unreported","http://codiumlabs.com/mac/offline-pages/?lang=en&utm_source=itunes&utm_medium=mas&utm_campaign=itunes","https://apps.apple.com/us/app/offline-pages-pro/id1061324329?mt=12&uo=4","itunes-seller","high","","MAS: Offline Pages Pro v1.4"
"com.deltopia.DeltaWalker","DeltaWalker","deltawalker","unreported","https://deltopia.com/en","","reverse-dns","medium","Tools for work. Insight for life.","candidate deltopia.com; rel=0.00"
"com.fxhome.HitFilmExpress","HitFilm Express","hitfilm-express","unreported","https://fxhome.com/product/hitfilm-express","","web-search","high","","web: Official FXhome HitFilm Express product page; bundleId com.fxhome matches (product discontinued Jan 2025)"
"com.presonus.ucapp","Universal Control","universal-control","native","https://www.presonus.com/","","reverse-dns","medium","","candidate presonus.com; rel=0.00"
"com.audient.evo","EVO","evo","native","https://audient.com/","","reverse-dns","medium","","candidate audient.com; rel=0.00"
"com.extensis.UniversalTypeClient","Universal Type Client","universal-type-client","native","https://www.extensis.com/","","reverse-dns","medium","Extensis Software | Font, Creative Asset, And Risk Management","candidate extensis.com; rel=0.00"
"com.ashchan.GmailNotifr","Mail Notifr","mail-notifr","native","https://ashchan.com/","","reverse-dns","medium","James Chen - a freelance full stack developer &amp; consultant | ashchan.com","candidate ashchan.com; rel=0.00"
"com.trendmicro.DrCleaner","DrCleaner","drcleaner","unreported","https://www.trendmicro.com/en_us/business.html","","reverse-dns","medium","Trend Micro (US) | Global Enterprise AI Cybersecurity Platform","candidate trendmicro.com; rel=0.00"
"com.eumlab.insTuner4Mac","insTuner","instuner","unreported","https://eumlab.com/","","reverse-dns","medium","EUMLab, creators of the best apps for musicians out there","candidate eumlab.com; rel=0.00"
"de.bahoom.HyperDock","HyperDock","hyperdock","unreported","https://bahoom.com/","","reverse-dns","medium","bahoom.com","candidate bahoom.de; rel=0.00"
"com.digiarty.videoprocvlog","VideoProc Vlogger","videoproc-vlogger","native","https://www.videoproc.com/video-editing-software/","","web-search","high","","web: Official VideoProc Vlogger page (Digiarty); bundleId com.digiarty matches"
"io.salem.ScreenHint","ScreenHint","screenhint","native","https://www.screenhint.com/","https://apps.apple.com/us/app/screenhint/id1566621533?mt=12&uo=4","itunes-seller","high","","MAS: ScreenHint v1.4.1"
"EdmundSoftware.LabelMaker","Tager","tager","native","https://closureprint.com/","","reverse-dns","medium","","candidate labelmaker.com; rel=0.00"
"net.tampermonkey.SafariApp","Tampermonkey","tampermonkey","native","https://apps.apple.com/us/app/tampermonkey-classic/id1482490089?mt=12&uo=4","https://apps.apple.com/us/app/tampermonkey-classic/id1482490089?mt=12&uo=4","itunes-appstore","high","","MAS: Tampermonkey Classic v5.3.6218"
"WakaMenu","WakaMenu","wakamenu","unreported","https://github.com/HiroshiHorie/WakaMenu","","web-search","high","","web: Official GitHub repo (unofficial WakaTime macOS menubar app by Hiroshi Horie)"
"net.ipip.besttrace4mac","Best Trace","best-trace","native","http://www.ipip.net","https://apps.apple.com/us/app/best-trace/id1037779758?mt=12&uo=4","itunes-seller","high","","MAS: Best Trace v1.46"
"com.builtbymeh.tweeten","Tweeten","tweeten","native","https://builtbymeh.com/","","reverse-dns","medium","mehedi hassan","candidate builtbymeh.com; rel=0.00"
"com.samsung.portablessdplus.software","SamsungPortableSSD_1.0","samsungportablessd10","native","https://www.samsung.com/us/","","reverse-dns","medium","Samsung US | Mobile | TV | Home Electronics | Home Appliances | Samsung US","candidate samsung.com; rel=0.00"
"com.mindjet.mindmanager.13","MindManager","mindmanager","unreported","https://www.mindmanager.com/en/","","reverse-dns","medium","Mind Mapping Software by MindManager | MindManager","candidate mindjet.com; rel=1.00"
"de.monospc.Lightkey","Lightkey","lightkey","native","https://lightkeyapp.com/en","","reverse-dns","medium","Lightkey &ndash; Professional DMX lighting control. Mac style.","candidate monospc.de; rel=1.00"
"com.kytwb.ferdi","Ferdi","ferdi","native","https://getferdi.com/","","web-search","high","","web: Official Ferdi site; bundleId com.kytwb (project maintainer) matches. Project discontinued; successor is Ferdium"
"com.soundtoys.RemoveSoundtoys","Remove Soundtoys","remove-soundtoys","unreported","https://www.soundtoys.com/","","reverse-dns","medium","Soundtoys: Plug-in Some Attitude.","candidate soundtoys.com; rel=0.50"
"com.objective-see.Netiquette","Netiquette","netiquette","native","https://objective-see.org/","","reverse-dns","medium","Objective-See Foundation","candidate objective-see.com; rel=0.00"
"io.brackets.appshell","Brackets","brackets","unreported","https://brackets.io/","","reverse-dns","medium","Brackets — Now Phoenix Code | Free Open Source Code Editor with Live Preview","candidate brackets.io; rel=1.00"
"com.binaryfruit.DriveDx","DriveDx","drivedx","unreported","https://binaryfruit.com/","","reverse-dns","medium","BinaryFruit - we make fruitful software!","candidate binaryfruit.com; rel=0.00"
"com.mpl.MacCommander","MaxCommander","maxcommander","native","http://mpl.com/","","reverse-dns","medium","Home","candidate mpl.com; rel=0.00"
"com.f5.vpn","F5 VPN","f5-vpn","unreported","https://www.f5.com/","","reverse-dns","medium","","candidate f5.com; rel=0.00"
"com.xpand-it.xeta","Xray Exploratory App","xray-exploratory-app","unreported","https://www.getxray.app/exploratory-testing","","web-search","high","","web: Official Xray (Xpand IT) Exploratory Testing app page; bundleId com.xpand-it matches"
"uk.org.powdertoy.The-Powder-Toy","The Powder Toy","the-powder-toy","unreported","http://www.org.com/","","reverse-dns","medium","org.com","candidate org.com; rel=0.00"
"com.moonsworth.client","Lunar Client","lunar-client","native","https://www.moonsworth.com/","","reverse-dns","medium","Quality at the forefront | Moonsworth","candidate moonsworth.com; rel=0.00"
"com.steinberg.nuendo11","Nuendo","nuendo","unreported","https://www.steinberg.net/nuendo/","","web-search","high","","web: Official Steinberg Nuendo page; bundleId com.steinberg matches"
"com.fxcoudert.pdftools","PDF Toolkit","pdf-toolkit","unreported","https://apps.apple.com/us/app/pdf-toolkit/id545164971","https://apps.apple.com/us/app/pdf-toolkit/id545164971","web-search","high","","web: Mac App Store (primary distribution; by FX Coudert). Developer site fxcoudert.fr unreachable"
"com.parrotsoft.iRamDisk","iRamDisk","iramdisk","unreported","https://parrotsoft.com/","","reverse-dns","medium","","candidate parrotsoft.com; rel=0.00"
"com.gauchosoft.seasonality","Seasonality Core","seasonality-core","unreported","https://gaucho.software/","","reverse-dns","medium","Home","candidate gauchosoft.com; rel=0.00"
"com.ag-logic.swackett.mac","Swackett","swackett","unreported","https://apps.apple.com/us/app/swackett/id413037383","https://apps.apple.com/us/app/swackett/id413037383","web-search","medium","","web: Mac App Store (AGLogic, LLC); primary distribution. Developer site offline"
"com.agileroute.diskled","DiskLed","diskled","unreported","https://diskled.com/","","web-search","high","","web: Official DiskLED site (AgileRoute); bundleId com.agileroute matches"
"com.iggsoftware.banktivity7","Banktivity","banktivity","unreported","https://www.iggsoftware.com/","","reverse-dns","medium","IGG Software | Award winning software for macOS and iOS","candidate iggsoftware.com; rel=0.00"
"com.qvacua.VimR","VimR","vimr","native","https://qvacua.com/","","reverse-dns","medium","Qvacua • OS X Apps","candidate qvacua.com; rel=0.00"
"pl.techland.dyinglight","DyingLightGame","dyinglightgame","unreported","https://techland.net/","","reverse-dns","medium","We create unforgettable experiences &#8226; Techland","candidate techland.pl; rel=0.00"
"nl.qidi","QIDI-Print","qidi-print","unreported","https://qidi3d.com/pages/software-firmware","","web-search","high","","web: Official QIDI Tech software & firmware page (manufacturer slicer)"
"com.wulkano.kap","Kap","kap","native","https://www.wulkano.com/","","reverse-dns","medium","Wulkano – A digital collective","candidate wulkano.com; rel=0.00"
"com.streamlabs.slobs","Streamlabs Desktop","streamlabs-desktop","unreported","https://streamlabs.com/","","reverse-dns","medium","","candidate streamlabs.com; rel=0.50"
"com.emmgunn.MKVtools3","MKVtools","mkvtools","unreported","https://emmgunn.com/wp/","","reverse-dns","medium","EmmGunn Software &#8211; Tools for converting videos on the Mac OS.","candidate emmgunn.com; rel=0.00"
"iainstall.4bf1d6f6-1f04-11b4-8e26-a2a1e730b201","CPLEX Optimization Studio 20.1","cplex-optimization-studio-201","unreported","https://www.ibm.com/products/ilog-cplex-optimization-studio","","web-search","high","","web: Official IBM ILOG CPLEX Optimization Studio product page"
"com.kujiale.mac.kujiale","Kujiale Mac Kujiale","kujiale-mac-kujiale","native","https://www.kujiale.com/","","reverse-dns","medium","酷家乐 - 全场景在线3D云设计平台 - 群核科技旗下","candidate kujiale.com; rel=0.50"
"com.lujjjh.LinearMouse","LinearMouse","linearmouse","native","https://linearmouse.app/","","web-search","high","","web: Official LinearMouse site; bundleId com.lujjjh matches. Open-source"
"com.userscripts.macos","Userscripts","userscripts","native","https://userscripts.org/","","reverse-dns","medium","Dance Party","candidate userscripts.com; rel=1.00"
"com.brohawn.ActivityMonitor","Network & Battery","network-and-battery","native","https://brohawn.com/","","reverse-dns","medium","","candidate brohawn.com; rel=0.00"
"net.alkalay.RDM","RDM","rdm","native","https://alkalay.com/","","reverse-dns","medium","","candidate alkalay.com; rel=0.00"
"com.meshmixer.meshmixer09","Meshmixer","meshmixer","unreported","https://marketplace.autodesk.com/apps/2e40e347-0369-4603-b83f-ecab324aed0f","","reverse-dns","medium","Meshmixer","candidate meshmixer.com; rel=1.00"
"com.theron.UnnaturalScrollWheels","UnnaturalScrollWheels","unnaturalscrollwheels","native","https://www.theron.com/","","reverse-dns","medium","Theron Advisory Group","candidate theron.com; rel=0.00"
"com.redgiant.Link","Red Giant Link","red-giant-link","unreported","https://www.maxon.net/en/red-giant","","reverse-dns","medium","","candidate redgiant.com; rel=0.67"
"com.addona.TousComptesFaits.Personnel","Tous Comptes Faits Personnel","tous-comptes-faits-personnel","native","https://addona.com/","","reverse-dns","medium","Addona","candidate addona.com; rel=0.00"
"PGPTSession","PGPTSession","pgptsession","unreported","https://petegates.com/pgptsession.html","","web-search","high","","web: Official Pete Gates page (free Pro Tools utility)"
"com.avid.MC-Client","MC_Client","mcclient","native","https://www.avid.com/media-composer","","web-search","high","","web: Official Avid Media Composer page; bundleId com.avid.MC-Client (Media Composer client) matches"
"com.soundminer.smv5Pro","Soundminer v5Pro","soundminer-v5pro","unreported","https://store.soundminer.com/","","reverse-dns","medium","Soundminer Inc. | Soundminer","candidate soundminer.com; rel=0.50"
"com.prosoundeffects.soundq","SoundQ","soundq","unreported","https://www.prosoundeffects.com/","","reverse-dns","medium","Pro Sound Effects - Bring Your Ideas to Life with Sound | Pro Sound Effects","candidate prosoundeffects.com; rel=0.00"
"com.prosoundeffects.downloadmanager","PSE Download Manager","pse-download-manager","unreported","https://www.prosoundeffects.com/","","reverse-dns","medium","Pro Sound Effects - Bring Your Ideas to Life with Sound | Pro Sound Effects","candidate prosoundeffects.com; rel=0.00"
"com.install4j.4549-9647-2313-4375.26","Room EQ Wizard","room-eq-wizard","unreported","https://www.roomeqwizard.com/","","web-search","high","","web: Official Room EQ Wizard (REW) site (generic install4j bundleId, but app name unambiguous)"
"com.vadisoundlibrary.vsl","Vadi Sound Library","vadi-sound-library","unreported","https://vadisound.com/","","web-search","high","","web: Official Vadi Sound site; bundleId com.vadisoundlibrary matches"
"com.firstversionist.polypane","Polypane","polypane","unreported","https://firstversionist.com/","","reverse-dns","medium","","candidate firstversionist.com; rel=0.00"
"freemind.main.FreeMind","FreeMind","freemind","unreported","https://freemind.sourceforge.io/","","web-search","high","","web: Official FreeMind site; bundleId freemind.* matches. Open-source"
"admin_gui","Data Virtuality Studio","data-virtuality-studio","unreported","https://www.cdata.com/virtuality/","","web-search","high","","web: Official Data Virtuality (now CData Virtuality) platform page; Data Virtuality Studio is its client"
"com.kagi.kagimacOS","Orion","orion","native","https://kagi.com/","","reverse-dns","medium","Kagi - Reclaim the Web &amp; Restore Your Privacy","candidate kagi.com; rel=0.00"
"com.macautoclicker.Mac-Auto-Clicker","Mac Auto Clicker","mac-auto-clicker","unreported","https://macautoclicker.com/","","reverse-dns","medium","Auto Clicker Mac","candidate macautoclicker.com; rel=1.00"
"com.adobe.HDUninstaller","Uninstaller","uninstaller","native","https://www.adobe.com/","","reverse-dns","medium","Adobe: Creative, marketing and document management solutions","candidate adobe.com; rel=0.00"
"com.parallels.winapp.4f31be87d82416ae7d46d424ab1b10ea.9e85e2a2003b44ffa91fcced1c857fd0","Genshin Impact","genshin-impact","native","https://www.parallels.com/","","reverse-dns","medium","Parallels: Run Windows on Mac, Virtualization & VDI Solutions","candidate parallels.com; rel=0.00"
"com.canva.CanvaDesktop","Canva","canva","native","https://www.canva.com/","","reverse-dns","medium","Unsupported client – Canva","retry candidate canva.com"
"com.tuxera.TuxeraDiskManager","Tuxera Disk Manager","tuxera-disk-manager","native","https://www.tuxera.com/","","reverse-dns","medium","Data Integrity Software | Embedded &amp; Enterprise | Tuxera","candidate tuxera.com; rel=0.33"
"org.freefilesync.FreeFileSync","FreeFileSync","freefilesync","native","https://freefilesync.org/","","reverse-dns","medium","","candidate freefilesync.org; rel=1.00"
"org.cheatengine.cheatengine-x86_64","Cheat Engine 7.3","cheat-engine-73","unreported","https://cheatengine.org/","","reverse-dns","medium","Cheat Engine","candidate cheatengine.org; rel=1.00"
"com.phoenixviewer.firestorm.viewer-hvk","Firestorm","firestorm","unreported","https://www.firestormviewer.org/","","web-search","high","","web: Official Phoenix Firestorm Project site; bundleId com.phoenixviewer.firestorm matches. Open-source Second Life viewer"
"com.snake.pdfmeta","PDF meta","pdf-meta","native","https://apps.apple.com/us/app/pdf-meta/id1595787174?mt=12&uo=4","https://apps.apple.com/us/app/pdf-meta/id1595787174?mt=12&uo=4","itunes-appstore","high","","MAS: PDF meta v1.2.1"
"com.ecarriou.systemdesigner","System Designer","system-designer","native","https://designfirst.io/systemdesigner/","","web-search","high","","web: designfirst.io"
"MatthewDavidson.Yippy","Yippy","yippy","unreported","https://yippy.com/","","reverse-dns","medium","The yippy network — curated publishing. | YIPPY","candidate yippy.com; rel=1.00"
"com.lasersoft-imaging.SilverFast8","SilverFast 8","silverfast-8","unreported","https://www.silverfast.com/show/silverfast8/en.html","","web-search","high","","web: silverfast.com"
"net.maxbor.CopyLess","CopyLess 2","copyless-2","native","https://copyless.net/","","web-search","high","","web: copyless.net"
"pl.asuri.deskres","DeskRes","deskres","native","http://asuri.pl/","","reverse-dns","medium","Index of /","candidate asuri.pl; rel=0.00"
"com.sqwarq.DetectX-Swift","DetectX Swift","detectx-swift","native","https://sqwarq.com/","","reverse-dns","medium","sqwarq | security for your mac. explore here for new changes","candidate sqwarq.com; rel=0.00"
"com.electron.gitify","Gitify","gitify","native","https://gitify.io/","","web-search","high","","web: gitify.io"
"com.macronsoft.ABDialer","ABDialer","abdialer","unreported","http://macronsoft.com/","","reverse-dns","medium","RouterOS router configuration page","candidate macronsoft.com; rel=0.00"
"com.mighty.animatedWallpapers","Animated Wallpapers","animated-wallpapers","native","https://www.mighty.com/","","reverse-dns","medium","Home","candidate mighty.com; rel=0.00"
"org.netbeans.ide.nbide.12.6","Apache NetBeans 12.6","apache-netbeans-126","unreported","https://netbeans.apache.org/front/main/index.html","","reverse-dns","medium","Welcome to Apache NetBeans","candidate netbeans.org; rel=1.00"
"com.cvte.clevershare.mac","Clevershare","clevershare","unreported","https://www.cvte.com/","","reverse-dns","medium","CVTE视源股份 - 梦想引领未来","candidate cvte.com; rel=0.00"
"com.staventabs.snt.osx","Stave'n'Tabs","staventabs","native","https://staventabs.com/","","reverse-dns","medium","Staventabs | Staventabs","candidate staventabs.com; rel=1.00"
"com.gtrigonakis.LIFXSwitch","LSwitch","lswitch","unreported","http://www.gtrigonakis.com/lswitch","https://apps.apple.com/us/app/lswitch-for-lifx/id1020253359?mt=12&uo=4","itunes-seller","high","","MAS: LSwitch for LIFX v1.2"
"com.imagineersystems.mochapro","Mocha Pro 2020.5","mocha-pro-20205","unreported","https://borisfx.com/products/mocha-pro/","","reverse-dns","medium","","candidate imagineersystems.com; rel=0.00"
"com.coppertino.ReVOX","VOX Universal","vox-universal","unreported","https://vox.rocks/","","reverse-dns","medium","VOX Music Player for Mac & iPhone: Unlimited Solution for Music Lovers","candidate coppertino.com; rel=0.50"
"io.filen.sync","Filen Sync","filen-sync","unreported","https://filen.io/","","reverse-dns","medium","Filen – Next Generation End-To-End Encrypted Cloud Storage","candidate filen.io; rel=0.50"
"com.luby.-Rainbow","#Rainbow","rainbow","native","http://luby.com/","","reverse-dns","medium","Your Name as Your Email | Hover Realnames","candidate luby.com; rel=0.00"
"com.tnt.Adobe-Zii-2021","Adobe Zii 2021 6.1.7","adobe-zii-2021-617","native","https://www.tnt.com/express/en_us/site/home.html","","reverse-dns","medium","TNT is becoming FedEx | TNT US | TNT United States","candidate tnt.com; rel=0.00"
"com.github.mu-editor.mu","Mu Editor","mu-editor","unreported","https://codewith.mu/","","web-search","high","","web: codewith.mu"
"com.fiplab.memoryclean","Memory Clean","memory-clean","unreported","https://fiplab.com/","","reverse-dns","medium","FIPLAB — Mac &amp; iOS Apps","candidate fiplab.com; rel=0.00"
"com.electron.dialpad","Dialpad","dialpad","unreported","https://www.dialpad.com/download/","","web-search","high","","web: dialpad.com"
"com.vmware.kext.VMwareGfx","VMwareGfx","vmwaregfx","unreported","https://www.vmware.com/","","reverse-dns","medium","VMware by Broadcom - Cloud Computing for the Enterprise","candidate vmware.com; rel=0.00"
"be.anb.homeanywherecomputer","Home Anywhere Computer","home-anywhere-computer","unreported","https://www.anb.com/","","reverse-dns","medium","Amarillo National Bank | Personal & Business Banking","candidate anb.com; rel=0.00"
"com.minerstat.sonar","sonar","sonar","native","https://minerstat.com/","","reverse-dns","medium","Minerstat - Your Complete Crypto Mining Resource Center | minerstat","candidate minerstat.com; rel=0.00"
"com.minerstat.locator","locator","locator","native","https://minerstat.com/","","reverse-dns","medium","Minerstat - Your Complete Crypto Mining Resource Center | minerstat","candidate minerstat.com; rel=0.00"
"com.bitwig.studio","Bitwig Studio","bitwig-studio","native","https://www.bitwig.com/","","reverse-dns","medium","Bitwig | Home | Bitwig","candidate bitwig.com; rel=0.50"
"com.nitinseshadri.midiplayer","MIDI Player","midi-player","native","https://www.nitinseshadri.com/","","reverse-dns","medium","Nitin Seshadri","candidate nitinseshadri.com; rel=0.00"
"co.teamport.around","Around","around","native","https://www.teamport.com/","","reverse-dns","medium","","candidate teamport.com; rel=0.00"
"coing.ClockifyDesktop","Clockify Desktop","clockify-desktop","native","https://clockify.me/apps","","web-search","high","","web: clockify.me"
"org.evanmiller.wizard.pro","Wizard Pro","wizard-pro","unreported","https://www.wizardmac.com/","https://apps.apple.com/us/app/wizard-pro/id497487206?mt=12&uo=4","itunes-seller","high","","MAS: Wizard Pro v1.9.49"
"com.vincenttsang.hello","hello","hello","native","https://tsangg.com/","","reverse-dns","medium","tsangg.com","candidate vincenttsang.com; rel=0.00"
"com.paragon-software.extfs.fsapp","extFS for Mac","extfs-for-mac","native","https://www.paragon-software.com/","","reverse-dns","medium","Paragon Software | Main page","candidate paragon-software.com; rel=0.00"
"com.tresorit.mac","Tresorit","tresorit","native","https://tresorit.com/","","reverse-dns","medium","End-to-End Encrypted Cloud Storage for Businesses | Tresorit","candidate tresorit.com; rel=1.00"
"app.soulver.appstore.mac","Soulver 3","soulver-3","native","https://soulver.app/","","reverse-dns","medium","Soulver – Notepad Calculator App for Mac, iPad &amp; iPhone","candidate soulver.app; rel=1.00"
"com.pavtube.bytecopy","Pavtube ByteCopy","pavtube-bytecopy","unreported","http://www.pavtube.com/","","reverse-dns","medium","Pavtube Multimedia Tools: Top Video Converter, multi-track MXF Converter, MTS/M2TS Converter for FCP, Adobe, Avid, iMovi","candidate pavtube.com; rel=0.50"
"com.techsmith.camtasia2021","Camtasia 2021","camtasia-2021","native","https://www.techsmith.com/","","reverse-dns","medium","","candidate techsmith.com; rel=0.00; PARKED?"
"com.vincenttsang.mentohust","mentohust","mentohust","native","https://tsangg.com/","","reverse-dns","medium","tsangg.com","candidate vincenttsang.com; rel=0.00"
"com.CodySchrank.gSwitch","gSwitch","gswitch","unreported","https://github.com/CodySchrank/gSwitch","","web-search","high","","web: github.com/CodySchrank"
"net.blyt.phoenixslides","Phoenix Slides","phoenix-slides","native","https://blyt.net/","","reverse-dns","medium","blyt.net","candidate blyt.net; rel=0.00"
"com.electron.wootility-lekker-beta","wootility-lekker-beta","wootility-lekker-beta","native","https://wooting.io/wootility","","web-search","high","","web: wooting.io"
"cn.better365.iRightMouse","iRightMouse","irightmouse","unreported","https://www.aodo365.com/cn/apps.html?statId=10","https://apps.apple.com/us/app/irightmouse/id1497428978?mt=12&uo=4","itunes-seller","high","","MAS: iRightMouse v2.4.7"
"com.gslbiotech.snapgeneviewer","SnapGene Viewer","snapgene-viewer","unreported","https://www.snapgene.com/snapgene-viewer","","web-search","high","","web: snapgene.com"
"tv.molotov.MolotovDesktopApp","Molotov","molotov","unreported","https://www.molotov.tv/","","reverse-dns","medium","Regarder la télé sur tous vos appareils - Molotov.tv","candidate molotov.tv; rel=1.00"
"com.electron.yesplaymusic","YesPlayMusic","yesplaymusic","unreported","https://github.com/qier222/YesPlayMusic","","web-search","high","","web: github.com/qier222"
"com.DougEverly.Epochulator","Epochulator","epochulator","unreported","https://www.dougeverly.com/","","web-search","medium","","web: dougeverly.com (hint); confirmed app by Doug Everly"
"com.pulsely.statusclock","StatusClock","statusclock","unreported","https://apps.apple.com/us/app/status-clock/id552792489?mt=12&uo=4","https://apps.apple.com/us/app/status-clock/id552792489?mt=12&uo=4","itunes-appstore","high","","MAS: Status Clock v1.6.0"
"com.microids.youngpoirot.macstore","Agatha Christie - Hercule Poirot The First Cases","agatha-christie-hercule-poirot-the-first-cases","unreported","https://www.microids.com/","","reverse-dns","medium","Microids | Publisher and creator of adventure video games","candidate microids.com; rel=0.00"
"MacOS-Murder-Mystery-Machine","Murder Mystery Machine","murder-mystery-machine","native","https://www.murdermysterymachine.com/","","web-search","high","","web: murdermysterymachine.com (Blazing Griffin)"
"27KU2G7D8T.com.build80.teamloggertimer","teamlogger","teamlogger","unreported","https://www.teamlogger.com/","","web-search","high","","web: teamlogger.com"
"com.vernier.loggerpro","Logger Pro","logger-pro","unreported","https://www.vernier.com/","","reverse-dns","medium","Science Probeware &amp; Experiment Software for Teachers | Vernier","candidate vernier.com; rel=0.00"
"org.qcad","QCAD","qcad","native","https://qcad.org/en/","","reverse-dns","medium","QCAD - QCAD: 2D CAD","candidate qcad.org; rel=1.00"
"com.iconshots.CDRViewer-Pro","CDRViewer Pro","cdrviewer-pro","unreported","https://iconshots.com/","","reverse-dns","medium","Life and Tech Shots Magazine &#8211; For Technology Lovers and Life Enthusiasts","candidate iconshots.com; rel=0.00"
"com.junecloud.mac.Deliveries","Deliveries","deliveries","unreported","https://junecloud.com/","","reverse-dns","medium","Junecloud","candidate junecloud.com; rel=0.00"
"com.appsforlife.barcode","Barcode","barcode","unreported","https://appsforlife.com/","","reverse-dns","medium","Appsforlife &mdash; 3D Mockup, Printing and Design Software","candidate appsforlife.com; rel=0.00"
"com.cisdem.contactsmate","Cisdem ContactsMate","cisdem-contactsmate","unreported","https://www.cisdem.com/","","reverse-dns","medium","[OFFICIAL] Cisdem - Duplicate Finder, Data Recovery, AppCrypt, PDFMaster, VideoPaw!","candidate cisdem.com; rel=0.50"
"com.samsung.portablessd.software","SamsungPortableSSD","samsungportablessd","unreported","https://www.samsung.com/us/","","reverse-dns","medium","Samsung US | Mobile | TV | Home Electronics | Home Appliances | Samsung US","candidate samsung.com; rel=0.00"
"com.wakdev.nfctoolsgui","NFC Tools for Desktop","nfc-tools-for-desktop","unreported","https://www.wakdev.com","https://apps.apple.com/us/app/nfc-tools-for-desktop/id1392471092?mt=12&uo=4","itunes-seller","high","","MAS: NFC Tools for Desktop v2.7.1"
"app.loshadki.OpenIn","OpenIn","openin","native","https://loshadki.app/","","reverse-dns","medium","Loshadki Apps","candidate loshadki.app; rel=0.00"
"com.naver.Whale","Whale","whale","native","https://www.naver.com/","","reverse-dns","medium","NAVER","candidate naver.com; rel=0.00"
"kr.co.sandoll.SandollCloud","SandollCloud","sandollcloud","unreported","https://www.sandoll.co.kr/","","reverse-dns","medium","산돌","candidate sandoll.co.kr; rel=0.00"
"net.i2p.router","I2P","i2p","unreported","https://i2p.net/en/","","reverse-dns","medium","I2P - The Invisible Internet Project | EN","candidate i2p.net; rel=1.00"
"net.openra.mod.ra","Red Alert","red-alert","unreported","https://www.openra.net/","","reverse-dns","medium","OpenRA - Classic strategy games rebuilt for the modern era","candidate openra.net; rel=0.00"
"com.yubico.yubioath","Yubico Authenticator","yubico-authenticator","unreported","https://www.yubico.com/","","reverse-dns","medium","","candidate yubico.com; rel=0.50"
"com.pokerstars.PokerStarsUK","PokerStarsUK","pokerstarsuk","native","https://www.pokerstars.uk/poker/download/mac/","","web-search","high","","web: pokerstars.uk"
"com.rode.rodecentral","RODE Central","rode-central","native","https://rode.com/en-us","","reverse-dns","medium","RØDE (United States)","candidate rode.com; rel=0.50"
"app.monsterwriter.client-setapp","MonsterWriter","monsterwriter","native","https://www.monsterwriter.com/","","reverse-dns","medium","MonsterWriter — The best way to write your thesis","candidate monsterwriter.app; rel=1.00"
"com.spherico.createDiskImage","CreateDiskImage","creatediskimage","unreported","http://www.spherico.com/filmtools/createDiskImage/index.html","","web-search","high","","web: spherico.com"
"com.yourcompany.MapMap","MapMap","mapmap","unreported","https://mapmapteam.github.io/en/","","web-search","high","","web: mapmapteam.github.io"
"com.czur.scanner","CZUR Scanner","czur-scanner","unreported","https://www.czur.com/","","reverse-dns","medium","Smart &amp; Professional Book Scanner with Digitization Solutions - CZUR","candidate czur.com; rel=1.00"
"net.uvi.Falcon","Falcon","falcon","native","https://www.uvi.net/","","reverse-dns","medium","UVI","candidate uvi.net; rel=0.00"
"com.Arturia.ArturiaSoftwareCenter","Arturia Software Center","arturia-software-center","native","https://www.arturia.com/","","reverse-dns","medium","Arturia - The Sound Explorers","candidate arturia.com; rel=0.33"
"com.bluecataudio.blue-cat-s-axiom","Blue Cat's Axiom","blue-cats-axiom","native","https://www.bluecataudio.com/Main/Home/","","reverse-dns","medium","Blue Cat Audio - Professional Audio Plug-ins and Applications (VST, VST3, AAX, Audio Unit)","candidate bluecataudio.com; rel=0.67"
"com.toontrack.productmanager","Toontrack Product Manager","toontrack-product-manager","unreported","https://www.toontrack.com/","","reverse-dns","medium","Toontrack","candidate toontrack.com; rel=0.33"
"cn.neixin.pc","Cn Neixin Pc","cn-neixin-pc","unreported","http://neixin.com/","","reverse-dns","medium","网站建设中","candidate neixin.com; rel=1.00"
"com.falstad.CircuitJS1","CircuitJS1","circuitjs1","unreported","https://falstad.com/","","reverse-dns","medium","Paul Falstad","candidate falstad.com; rel=0.00"
"com.vk.messages","VK Messenger","vk-messenger","unreported","https://vk.com/","","reverse-dns","medium","VK | Welcome&#33;","candidate vk.com; rel=0.00"
"com.redgiant.fxplug.app.UniverseStylize","UniverseStylize","universestylize","unreported","https://www.maxon.net/en/red-giant","","reverse-dns","medium","","candidate redgiant.com; rel=0.00"
"com.artdesktop.bestzip2","BestZip 2","bestzip-2","native","https://apps.apple.com/us/app/bestzip-2-unarchive-7z-rar-zip/id1525983573?mt=12&uo=4","https://apps.apple.com/us/app/bestzip-2-unarchive-7z-rar-zip/id1525983573?mt=12&uo=4","itunes-appstore","high","","MAS: BestZip 2-Unarchive 7z&rar&zip v1.6.1"
"com.yubico.ykman","YubiKey Manager","yubikey-manager","unreported","https://www.yubico.com/","","reverse-dns","medium","","candidate yubico.com; rel=0.00"
"com.nextcloud.desktopclient","Nextcloud","nextcloud","native","https://nextcloud.com/","","reverse-dns","medium","","candidate nextcloud.com; rel=1.00; PARKED?"
"com.sindresorhus.caprine","Caprine","caprine","unreported","https://sindresorhus.com/","","reverse-dns","medium","Sindre Sorhus","candidate sindresorhus.com; rel=0.00"
"com.bdrive.NetDrive","NetDrive","netdrive","unreported","https://www.netdrive.net/","","web-search","high","","web: netdrive.net / bdrive.com"
"Mail.Ru.DiskO.as","DiskO","disko","unreported","https://disk-o.cloud/en/","","web-search","high","","web: disk-o.cloud (Mail.ru)"
"com.adsrsounds.samplemanager","ADSR Sample Manager","adsr-sample-manager","native","https://www.adsrsounds.com/","","reverse-dns","medium","ADSR Sounds - The Best Audio Plugin Deals &amp; Royalty-Free Samples and Presets for Music Production - ADSR","candidate adsrsounds.com; rel=0.33"
"com.encore.homedesign21","Home Design 21","home-design-21","unreported","https://www.encore.com/","","reverse-dns","medium","Encore | Official Site | Download Top Software | The Print Shop | Mavis Beacon | Punch Software","candidate encore.com; rel=0.00"
"app.kurozora.tracker","Kurozora","kurozora","native","https://kurozora.app/","","reverse-dns","medium","Making sure you&#39;re not a bot!","candidate kurozora.app; rel=1.00"
"com.objective-see.oversight.installer","OverSight Installer","oversight-installer","native","https://objective-see.org/","","reverse-dns","medium","Objective-See Foundation","candidate objective-see.com; rel=0.00"
"com.objective-see.oversight","OverSight","oversight","native","https://objective-see.org/","","reverse-dns","medium","Objective-See Foundation","candidate objective-see.com; rel=0.00"
"com.goldenfrog.VyprVPN","VyprVPN","vyprvpn","native","https://goldenfrog.com/","","reverse-dns","medium","Golden Frog | Global Internet Privacy and Security Solutions","candidate goldenfrog.com; rel=0.00"
"org.pythonmac.unspecified.macast","macast","macast","native","http://pythonmac.org/","","reverse-dns","medium","","candidate pythonmac.org; rel=0.00"
"rankun.QtScrcpy","QtScrcpy","qtscrcpy","unreported","https://github.com/barry-ran/QtScrcpy","","web-search","high","","web: github.com/barry-ran"
"cn.better365.ishot","iShot","ishot","native","https://better365.cn/","","reverse-dns","medium","Better365官网_Mac截图软件_Mac长截图软件_Mac滚动截图软件_Mac压缩软件_Mac解压软件_Mac输入法_Mac新建文件_Mac切换输入法","candidate better365.cn; rel=0.00"
"com.cisco.pkg.anyconnect.dart","Cisco AnyConnect DART","cisco-anyconnect-dart","unreported","https://www.cisco.com/","","reverse-dns","medium","AI Infrastructure, Secure Networking, and Software Solutions - Cisco","candidate cisco.com; rel=0.33"
"com.cisco.uninstaller","Uninstall AnyConnect","uninstall-anyconnect","unreported","https://www.cisco.com/","","reverse-dns","medium","AI Infrastructure, Secure Networking, and Software Solutions - Cisco","candidate cisco.com; rel=0.00"
"com.cisco.dartuninstaller","Uninstall AnyConnect DART","uninstall-anyconnect-dart","unreported","https://www.cisco.com/","","reverse-dns","medium","AI Infrastructure, Secure Networking, and Software Solutions - Cisco","candidate cisco.com; rel=0.00"
"com.theblueplum.wealthmact","WealthTracker Trial","wealthtracker-trial","native","https://theblueplum.com/","","reverse-dns","medium","Blue Plum Software - Windows, Mac and iOS software","candidate theblueplum.com; rel=0.00"
"com.c-command.SpamSieve","SpamSieve","spamsieve","native","https://c-command.com/","","reverse-dns","medium","C-Command: Mac Software","candidate c-command.com; rel=0.00"
"iainstall.4bf1d6f6-1f04-11b4-8e26-a2a1f730a201","CPLEX Optimization Studio Community Edition 20.1","cplex-optimization-studio-community-edition-201","unreported","https://www.ibm.com/products/ilog-cplex-optimization-studio","","web-search","high","","web: ibm.com"
"org.languagetool.safari","LanguageTool","languagetool","native","https://languagetool.org/","https://apps.apple.com/us/app/languagetool-grammar-checker/id1534275760?uo=4","itunes-seller","high","","MAS: LanguageTool - Grammar Checker v1.2.3"
"com.initex.proxifier.macosx","Proxifier","proxifier","unreported","https://initex.com/","","reverse-dns","medium","Initex","candidate initex.com; rel=0.00"
"com.BT.StartMenu","Start Menu","start-menu","native","https://www.bt.com/","","reverse-dns","medium","Broadband, TV Packages, TNT Sports &amp; Mobile Deals | BT","candidate bt.com; rel=0.00"
"maccatalyst.com.linearity.vn","Vectornator Pro","vectornator-pro","native","https://www.linearity.io/curve/","","web-search","high","","web: linearity.io (Vectornator rebranded to Linearity Curve)"
"com.uzero.ocrrec","BaiMiao","baimiao","native","https://uzero.com/","","reverse-dns","medium","uzero.com","candidate uzero.com; rel=0.00"
"com.avast.passwords.Passwords","Avast Passwords","avast-passwords","unreported","https://www.avast.com/en-us/index","","reverse-dns","medium","Avast | Download Free Antivirus &amp; VPN | 100% Free &amp; Easy","candidate avast.com; rel=0.50"
"com.apogeedigital.Control","Apogee Control 2","apogee-control-2","unreported","https://apogeedigital.com/download-files/","","web-search","high","","web: apogeedigital.com"
"com.pdman.robergroup","PDMan","pdman","unreported","https://github.com/EnhWeb/pdman","","web-search","high","","web: github.com/EnhWeb (official repo)"
"org.praat.Praat","Praat","praat","native","https://praat.org/","","reverse-dns","medium","Praat: doing Phonetics by Computer","candidate praat.org; rel=1.00"
"com.BlakeMcKinnonProductions.SlayBells","Slay Bells","slay-bells","unreported","https://blakemckinnonproductions.com/","","reverse-dns","medium","Coming Soon","candidate blakemckinnonproductions.com; rel=0.00"
"com.electron.realtimeboard","Miro","miro","unreported","https://miro.com/apps/","","web-search","high","","web: miro.com"
"com.Cvnt.ce","Covenant Eyes","covenant-eyes","unreported","https://www.covenanteyes.com/","","reverse-dns","medium","Find Victory Over Porn | Covenant Eyes","candidate cvnt.com; rel=1.00"
"at.eggerapps.tabletool","Table Tool","table-tool","unreported","https://github.com/jakob/TableTool","https://apps.apple.com/us/app/table-tool/id1122008420?mt=12&uo=4","itunes-seller","high","","MAS: Table Tool v1.2.1"
"com.okatbest.boop","Boop","boop","native","https://boop.okat.best/","https://apps.apple.com/us/app/boop/id1518425043?mt=12&uo=4","itunes-seller","high","","MAS: Boop v1.4.0"
"com.wolfram.WolframScript","WolframScript","wolframscript","native","https://www.wolfram.com/","","reverse-dns","medium","Wolfram: Delivering the Computational Future","candidate wolfram.com; rel=0.00"
"net.shrew.vpn.qikec","Shrew Soft VPN Client Connect","shrew-soft-vpn-client-connect","unreported","https://shrew.net/","","reverse-dns","medium","Shrew Soft Inc : RECENT NEWS","candidate shrew.net; rel=0.40"
"org.pdfsam.basic","PDFsam Basic","pdfsam-basic","unreported","https://pdfsam.org/","","reverse-dns","medium","Split and merge PDF files. Free and open source - PDFsam","candidate pdfsam.org; rel=0.50"
"com.mucommander.muCommander","muCommander","mucommander","unreported","http://www.mucommander.com/","","reverse-dns","medium","muCommander - file manager","candidate mucommander.com; rel=1.00"
"com.novell.filr.desktopapp","Filr","filr","unreported","https://www.opentext.com/about/brands/microfocus","","reverse-dns","medium","Micro Focus | OpenText","candidate novell.com; rel=0.00"
"com.qnap.QVRProClient","QVR Pro Client","qvr-pro-client","unreported","https://www.qnap.com/en-us","","reverse-dns","medium","QNAP (US) | Secure, Intelligent Data & Storage Solutions","candidate qnap.com; rel=0.00"
"com.electron.fellow","Fellow","fellow","native","https://fellow.ai/","","web-search","high","","web: fellow.ai"
"com.araxis.merge","Araxis Merge","araxis-merge","unreported","https://www.araxis.com/","","reverse-dns","medium","Araxis: Software for Productive People","candidate araxis.com; rel=0.50"
"com.lge.LG-Bridge","LG Bridge","lg-bridge","native","https://www.lg.com/us/","","reverse-dns","medium","LG Electronics &amp; Home Appliances | Shop Now | LG USA","candidate lge.com; rel=0.00"
"LGElectronics.Verizon-Utility-Application---LG","Verizon Utility Application - LG","verizon-utility-application-lg","unreported","https://www.verizon.com/support/knowledge-base-105457/","","web-search","medium","","web: verizon.com (LG Software Upgrade Assistant)"
"com.czur.shine","CZUR Shine","czur-shine","unreported","https://www.czur.com/","","reverse-dns","medium","Smart &amp; Professional Book Scanner with Digitization Solutions - CZUR","candidate czur.com; rel=0.50"
"com.snoworange.Doitim-Mac","Doit.im","doitim","unreported","https://doit.im/","","web-search","high","","web: doit.im (Snoworange)"
"com.zenangst.Gray","Gray","gray","native","https://zenangst.github.io/","","reverse-dns","medium","","candidate zenangst.com; rel=0.00"
"fi.atfos.kitsas","Kitsas","kitsas","unreported","https://atfos.com/","","reverse-dns","medium","","candidate atfos.com; rel=0.00"
"com.install4j.jdownloader2.9702","JDownloader Installer","jdownloader-installer","unreported","https://www.jdownloader.com/","","web-search","high","","web: jdownloader.com"
"net.publicspace.br8","Better Rename 9","better-rename-9","unreported","https://www.publicspace.net/","","reverse-dns","medium","publicspace.net - Better Software for the Mac","candidate publicspace.net; rel=0.50"
"org.sil.ukelele","Ukelele","ukelele","native","https://global.sil.org/","","reverse-dns","medium","SIL Global &#8211; Life in Every Language","candidate sil.org; rel=0.00"
"com.Cylance.Uninstall-CylancePROTECT","Uninstall CylancePROTECT","uninstall-cylanceprotect","unreported","https://arcticwolf.com/cylance/","","reverse-dns","medium","Ending Cyber Risk with Aurora Endpoint Security - Arctic Wolf","candidate cylance.com; rel=0.00"
"com.cylance.CylanceUI","CylancePROTECT","cylanceprotect","unreported","https://arcticwolf.com/cylance/","","reverse-dns","medium","Ending Cyber Risk with Aurora Endpoint Security - Arctic Wolf","candidate cylance.com; rel=0.00"
"jp.questbeat.Shade","QuickShade","quickshade","native","http://questbeat.com/","","reverse-dns","medium","TransIP - Reserved domain","candidate questbeat.com; rel=0.00"
"com.PomegranateApps.MathStudio-Mac","MathStudio","mathstudio","native","http://mathstud.io","https://apps.apple.com/us/app/mathstudio/id829912893?mt=12&uo=4","itunes-seller","high","","MAS: MathStudio v8.1.1"
"com.indeeo.idraw","Graphic","graphic","unreported","http://www.indeeo.com/","","reverse-dns","medium","Business profile for indeeo.com provided by Network Solutions","candidate indeeo.com; rel=0.00"
"com.fiplab.diskmap","Disk Map","disk-map","native","https://fiplab.com/","","reverse-dns","medium","FIPLAB — Mac &amp; iOS Apps","candidate fiplab.com; rel=0.00"
"AubreeCloud.mini-swatch","DevSwatch","devswatch","unreported","https://www.producthunt.com/products/devswatch","","web-search","medium","","web: producthunt.com (by Aubree Kendall); no dedicated homepage found"
"com.globaldelight.Capto","Capto","capto","native","https://www.globaldelight.com/","","reverse-dns","medium","Global Delight (Makers of Boom3D, Capto, Vizmato and Cameraplus pro)","candidate globaldelight.com; rel=1.00"
"com.tclementdev.timemachineeditor.application","TimeMachineEditor","timemachineeditor","native","https://tclementdev.com/","","reverse-dns","medium","tclementdev","candidate tclementdev.com; rel=0.00"
"com.fusetools.Fuse","Fuse","fuse","unreported","https://fuse.no/","","reverse-dns","medium","Fuse","candidate fusetools.com; rel=1.00"
"com.GuitarML.Chameleon","Chameleon","chameleon","native","https://guitarml.com/","","reverse-dns","medium","GuitarML","candidate guitarml.com; rel=0.00"
"com.zerotier.ZeroTier-UI","ZeroTier","zerotier","native","https://www.zerotier.com/","","reverse-dns","medium","ZeroTier | Next-Generation Connectivity and Cybersecurity","candidate zerotier.com; rel=1.00"
"org.oscar-team.OSCAR","OSCAR","oscar","unreported","https://oscar.de/","","reverse-dns","medium","","candidate oscar-team.com; rel=1.00; PARKED?"
"com.grammarly.DesktopEditor","Grammarly Editor","grammarly-editor","unreported","https://www.grammarly.com/1","","reverse-dns","medium","Grammarly","candidate grammarly.com; rel=0.50"
"etesync-dav","etesync-dav","etesync-dav","unreported","https://github.com/etesync/etesync-dav","","web-search","high","","web: github.com/etesync"
"com.prosoftnet.remotepcSuite","RemotePCSuite","remotepcsuite","unreported","https://prosoftnet.com/","","reverse-dns","medium","","candidate prosoftnet.com; rel=0.00"
"com.eizo.ColorNavigator7","ColorNavigator 7","colornavigator-7","unreported","https://www.eizo.com/home/","","reverse-dns","medium","Premium Computer Displays and LCD Monitors | EIZO USA","candidate eizo.com; rel=0.00"
"com.redgiant.Universe-Suite-Installer","Universe Installer","universe-installer","unreported","https://www.maxon.net/en/red-giant","","reverse-dns","medium","","candidate redgiant.com; rel=0.00"
"org.keepassx.keepassx","KeePassX","keepassx","unreported","https://www.keepassx.org/","","reverse-dns","medium","KeePassX","candidate keepassx.org; rel=1.00"
"com.gryphel.minivmac","Mini vMac","mini-vmac","unreported","https://www.gryphel.com/","","reverse-dns","medium","Gryphel Project - preserving early Macintosh software","candidate gryphel.com; rel=0.00"
"de.janbolz.silicio","Silicio","silicio","unreported","http://bolzoneapps.tumblr.com/silicio-widget/","https://apps.apple.com/us/app/silicio-widgets-mini-player/id933627574?mt=12&uo=4","itunes-seller","high","","MAS: Silicio: Widgets + Mini Player v3.7.2"
"com.tuxera.SDCardFormatter","SD Card Formatter","sd-card-formatter","unreported","https://www.tuxera.com/","","reverse-dns","medium","Data Integrity Software | Embedded &amp; Enterprise | Tuxera","candidate tuxera.com; rel=0.00"
"com.logitech.Solar-App","Solar App","solar-app","unreported","https://support.logi.com/hc/en-us/articles/360024699034--Downloads-Wireless-Solar-Keyboard-K750-for-Mac","","web-search","high","","web: logitech.com / support.logi.com"
"com.somafm.somafmmac","SomaFM","somafm","native","http://somafm.com/","https://apps.apple.com/us/app/somafm-radio-player/id449155338?mt=12&uo=4","itunes-seller","high","","MAS: SomaFM Radio Player v1.2.16"
"com.greenworldsoft.syncfolders","Sync Folders","sync-folders","native","http://www.greenworldsoft.com","https://apps.apple.com/us/app/sync-folders/id530573877?uo=4","itunes-seller","high","","MAS: Sync Folders v1.2"
"jp.ogihara.typist","Typist","typist","native","https://apps.apple.com/us/app/typist/id415166115","https://apps.apple.com/us/app/typist/id415166115","web-search","high","","web: Mac App Store (by T. Ogihara)"
"uk.co.AlpineSoft.VinylStudio","VinylStudio","vinylstudio","native","https://alpinesoft.co.uk/","","reverse-dns","medium","Record LPs and Tapes to CD and MP3 on your PC or Macintosh","candidate alpinesoft.co.uk; rel=0.00"
"jp.co.celsys.CLIPSTUDIOPAINT","CLIP STUDIO PAINT","clip-studio-paint","native","https://co.com/","","reverse-dns","medium","co.com","candidate co.com; rel=0.00"
"com.fluidapp.FluidApp2.Magzster","Magzster","magzster","unreported","https://fluidapp.com/","","reverse-dns","medium","Fluid – Turn any webpage into a real Mac App","candidate fluidapp.com; rel=0.00"
"com.rockysandstudio.Leaf","Leaf","leaf","native","http://www.rockysandstudio.com/appstore_redirect/","https://apps.apple.com/us/app/leaf-rss-news-reader/id576338668?mt=12&uo=4","itunes-seller","high","","MAS: Leaf - RSS News Reader v5.2.4"
"com.hiddenachievement.dfco.mac","Dresden Files Co-op Card Game","dresden-files-co-op-card-game","unreported","http://dfco.hiddenachievement.com","https://apps.apple.com/us/app/dresden-files-co-op-card-game/id1249868527?mt=12&uo=4","itunes-seller","high","","MAS: Dresden Files Co-op Card Game v2.1.4"
"com.install4j.7008-5171-7013-3819.22","OpenAudible","openaudible","unreported","https://openaudible.org/","","web-search","high","","web: openaudible.org"
"com.wondershare.AllMyTube","Wondershare AllMyTube","wondershare-allmytube","unreported","https://www.wondershare.com/","","reverse-dns","medium","Wondershare - The Creator's Era of AI-Powered Creativity","candidate wondershare.com; rel=0.50"
"com.yourcloudlibrary.mac","cloudLibrary","cloudlibrary","unreported","https://yourcloudlibrary.com/en/home.html","","reverse-dns","medium","","candidate yourcloudlibrary.com; rel=1.00"
"org.freac.freac","fre:ac - free audio converter","freac-free-audio-converter","unreported","https://freac.org/","","reverse-dns","medium","","candidate freac.org; rel=0.25"
"de.qdev.ExifRenamer","ExifRenamer","exifrenamer","native","https://qdev.de/","","reverse-dns","medium","qdev.de - Main Page","candidate qdev.de; rel=0.00"
"com.datacolor.spyderX","SpyderXPro","spyderxpro","native","https://www.datacolor.com/","","reverse-dns","medium","Color Management Tools - Color Management | Datacolor","candidate datacolor.com; rel=0.00"
"com.maintain.cocktail.monterey15","Cocktail","cocktail","unreported","https://www.maintain.se/cocktail/","","web-search","high","","web: Official Maintain (maintain.se) Cocktail product page"
"com.stack.io","Stack","stack","unreported","https://stackbrowser.com/","","web-search","high","","web: Official Stack Browser website (bundleId com.stack.io matches)"
"com.currencier.macapp","Currencier","currencier","native","https://kuzmenko.info/","","reverse-dns","medium","Kuzmenko Family","candidate currencier.com; rel=1.00"
"com.chimpstudios.ConvertIt","Convert It","convert-it","unreported","https://chimpstudios.com/","","reverse-dns","medium","Home - Studio Schimp","candidate chimpstudios.com; rel=0.00"
"com.silicondust.hdhomerun","HDHomeRun","hdhomerun","unreported","https://www.silicondust.com/","https://apps.apple.com/us/app/hdhomerun/id949582631?uo=4","itunes-seller","high","","MAS: HDHomeRun v20260310"
"com.drpdev.StopWatch","TinyStopwatch","tinystopwatch","native","https://tinymacapps.com/","","web-search","high","","web: Official TinyMacApps site (developer Dion Purushotham / drpdev)"
"io.remnote","RemNote","remnote","unreported","https://www.remnote.com/","","reverse-dns","medium","Study Faster with AI Flashcards, Quizzes &amp; Summaries","candidate remnote.io; rel=1.00"
"uk.co.techex.thirdparty.mwplay","mwplay","mwplay","unreported","https://www.techex.tv/","","reverse-dns","medium","Techex","candidate techex.co.uk; rel=0.00"
"io.maddin.Gestimer","Gestimer","gestimer","native","http://maddin.io/gestimer/","https://apps.apple.com/us/app/gestimer-legacy/id990588172?mt=12&uo=4","itunes-seller","high","","MAS: Gestimer (Legacy) v1.2.8"
"de.milchimgemuesefach.Display-Menu","Display Menu","display-menu","unreported","https://milchimgemuesefach.de/","","reverse-dns","medium","Display Menu","candidate milchimgemuesefach.de; rel=1.00"
"cn.bizconf.videocloud","ConfCloud","confcloud","native","https://bizconf.cn/","","reverse-dns","medium","会畅科技","candidate bizconf.cn; rel=0.00"
"com.pilotmoon.rapidclick","RapidClick","rapidclick","unreported","https://apps.apple.com/us/app/rapidclick/id419891002?mt=12&uo=4","https://apps.apple.com/us/app/rapidclick/id419891002?mt=12&uo=4","itunes-appstore","high","","MAS: RapidClick v1.5.1"
"com.devhd.feedly.osx","feedly","feedly","unreported","https://feedly.com/","","web-search","high","","web: Official Feedly website (devhd was Feedly's former company name)"
"com.daftlogicstudio.Coinverter.OSX","Coinverter","coinverter","native","https://daftlogicstudio.com/coinverter/","","reverse-dns","medium","Coinverter – Currency Converter for iOS","candidate daftlogicstudio.com; rel=1.00"
"com.cf.cartg","Disk Cartography","disk-cartography","unreported","https://www.cleverfiles.com","https://apps.apple.com/us/app/cleverfiles-cleaner/id905264208?mt=12&uo=4","itunes-seller","high","","MAS: CleverFiles Cleaner v2.0"
"com.dainese.DAirRegistration","DAirRegistration","dairregistration","unreported","https://www.dainese.com/us/en/","","reverse-dns","medium","Quality Motorcycle, Bike and Ski Clothing for Men and Women | Dainese","candidate dainese.com; rel=0.00"
"com.zzd.Xnip","Xnip","xnip","native","https://zzd.com/","","reverse-dns","medium","zzd.com","candidate zzd.com; rel=0.00"
"com.kugou.mac.Music","KugouMusic","kugoumusic","unreported","https://www.kugou.com/","","reverse-dns","medium","酷狗音乐 - 就是歌多！小说相声也很多！","candidate kugou.com; rel=0.00"
"com.mediahuman.YouTube to MP3","YouTube to MP3","youtube-to-mp3","unreported","https://www.mediahuman.com/en23/","","reverse-dns","medium","MediaHuman - multimedia software for macOS, Windows and Linux","candidate mediahuman.com; rel=0.00"
"com.appersian.hiddenme","HiddenMe","hiddenme","native","http://appersian.net","https://apps.apple.com/us/app/hiddenme/id467040476?mt=12&uo=4","itunes-seller","high","","MAS: HiddenMe v3.1"
"net.neumeier.WhatsOn","WhatsOn","whatson","native","https://apps.neumeier.net","https://apps.apple.com/us/app/whatson-now-playing/id1136082516?mt=12&uo=4","itunes-seller","high","","MAS: WhatsOn - Now Playing v3.1.2"
"com.speakerfood.GainControl","GainControl","gaincontrol","unreported","https://speakerfood.com/","","reverse-dns","medium","Speakerfood","candidate speakerfood.com; rel=0.00"
"com.speakerfood.PlugSearch","PlugSearch","plugsearch","native","https://speakerfood.com/","","reverse-dns","medium","Speakerfood","candidate speakerfood.com; rel=0.00"
"org.AriaMaestosa","Aria Maestosa","aria-maestosa","unreported","https://github.com/ariamaestosa/ariamaestosa","","web-search","high","","web: Official open-source GitHub repo (project site ariamaestosa.github.io)"
"com.huawei.hisuite","HiSuite","hisuite","unreported","https://www.huawei.com/en/","","reverse-dns","medium","Huawei - Building a Fully Connected, Intelligent World","candidate huawei.com; rel=0.00"
"com.zentraedi.zspaceMacApp","Zentraedi ZspaceMacApp","zentraedi-zspacemacapp","unreported","https://zentraedi.com/","","reverse-dns","medium","","candidate zentraedi.com; rel=0.50"
"com.spdpd.dpdassistant","Spdpd Dpdassistant","spdpd-dpdassistant","unreported","http://www.spdpd.net/","","web-search","medium","","web: Official SPDPD site (大拍档剪辑助手 / DPD editing assistant, Mac+Windows); bundleId com.spdpd matches"
"com.parallels.winapp.f66b5b7323ddec60dc7582c4ebbc20e3.fe8662b5f3a1483b91837860aee8c6c4","Aspen Plus V11","aspen-plus-v11","native","https://www.parallels.com/","","reverse-dns","medium","Parallels: Run Windows on Mac, Virtualization & VDI Solutions","candidate parallels.com; rel=0.00"
"com.trusourcelabs.NoMAD","NoMAD","nomad","unreported","https://github.com/jamf/NoMAD","","web-search","high","","web: Official NoMAD repo (now Jamf-owned; original trusourcelabs project); homepage nomad.menu"
"com.fotokem.nextLAB-Mobile","nextLAB Mobile","nextlab-mobile","unreported","https://fotokem.com/","","reverse-dns","medium","FotoKem - Motion Picture Film Lab and Post Production Studio","candidate fotokem.com; rel=0.00"
"IMS.InteleViewer","InteleViewer","inteleviewer","unreported","https://www.intelerad.com/en/","","reverse-dns","medium","Intelerad Medical Systems | Medical Image Management","candidate inteleviewer.com; rel=1.00"
"com.ReadCube.PapersBeta","Papers Beta","papers-beta","unreported","https://www.readcube.com/","","reverse-dns","medium","ReadCube Literature Management Solutions","candidate readcube.com; rel=0.00"
"com.runwayai.runway","Runway","runway","unreported","https://runwayai.com/","","reverse-dns","medium","","candidate runwayai.com; rel=1.00"
"com.objectiveSee.ReiKey-Installer","ReiKey Installer","reikey-installer","native","https://objectivesee.com/","","reverse-dns","medium","","candidate objectivesee.com; rel=0.00"
"com.objective-see.blockblock.installer","BlockBlock Installer","blockblock-installer","native","https://objective-see.org/","","reverse-dns","medium","Objective-See Foundation","candidate objective-see.com; rel=0.00"
"com.automattic.SimplenoteMac","Simplenote","simplenote","native","https://automattic.com/","","reverse-dns","medium","","candidate automattic.com; rel=0.00"
"com.modelmakertools.simplemindmacstd","SimpleMind","simplemind","native","https://modelmakertools.com/","","reverse-dns","medium","ModelMaker Tools","candidate modelmakertools.com; rel=0.00"
"org.pgadmin.pgAdmin4","pgAdmin 4","pgadmin-4","unreported","https://www.pgadmin.org/","","reverse-dns","medium","","candidate pgadmin.org; rel=1.00"
"com.shauninman.Day-O","Day-O","day-o","unreported","https://shauninman.com/","","reverse-dns","medium","Shaun Inman says &ldquo;Ratcheteer DX - Out Now!&rdquo;","candidate shauninman.com; rel=0.00"
"com.doublefine.dottosx","Day of the Tentacle Remastered","day-of-the-tentacle-remastered","unreported","https://www.doublefine.com/","","reverse-dns","medium","","candidate doublefine.com; rel=0.00"
"fr.arievanboxel.FMail","FMail","fmail","native","https://arievanboxel.fr/","","reverse-dns","medium","","candidate arievanboxel.fr; rel=0.00"
"com.analystsoft.mst.pro2","StatPlus","statplus","native","https://www.analystsoft.com/en/products/statplusmac/","https://apps.apple.com/us/app/statplus-data-analysis/id1043568267?mt=12&uo=4","itunes-seller","high","","MAS: StatPlus: Data Analysis v8.0.3"
"com.hegenberg.KeyboardCleanTool","KeyboardCleanTool","keyboardcleantool","unreported","https://folivora.ai/keyboardcleantool","","web-search","high","","web: Official folivora.ai page (Andreas Hegenberg / BetterTouchTool maker)"
"uk.co.positech.Democracy3","Democracy3","democracy3","unreported","https://positech.co.uk/","","reverse-dns","medium","Positech Games - Developers of Gratuitous Space Battles & Democracy","candidate positech.co.uk; rel=0.00"
"com.nektony.Duplicates-Expert","Duplicate File Finder Pro","duplicate-file-finder-pro","native","https://nektony.com/","","reverse-dns","medium","","candidate nektony.com; rel=0.00; PARKED?"
"com.hindsightlabs.paprika.mac.v3","Paprika Recipe Manager 3","paprika-recipe-manager-3","native","http://hindsightlabs.com/","","reverse-dns","medium","Hindsight Labs","candidate hindsightlabs.com; rel=0.00"
"com.syniumsoftware.ifinance4","iFinance 4","ifinance-4","native","http://www.syniumsoftware.com/ifinance","https://apps.apple.com/us/app/ifinance-4/id992362138?mt=12&uo=4","itunes-seller","high","","MAS: iFinance 4 v4.6.10"
"pt.gov.autenticacao","Autenticação.gov","autenticacaogov","unreported","https://gov.com/","","reverse-dns","medium","Making Government User-friendly - Government Information","candidate gov.com; rel=0.50"
"com.milgra.hsmke","MacMediaKeyForwarder","macmediakeyforwarder","unreported","https://milgra.com/","","reverse-dns","medium","MilGraCom","candidate milgra.com; rel=0.00"
"com.littlehj.Pixave","Pixave","pixave","unreported","http://www.littlehj.com","https://apps.apple.com/us/app/pixave/id924891282?mt=12&uo=4","itunes-seller","high","","MAS: Pixave v2.3.13"
"net.mimikaki.mi","mi","mi","native","https://www.mimikaki.net/","","reverse-dns","medium","mi - テキストエディタ","candidate mimikaki.net; rel=0.00"
"com.oracle.jnlp--652945860","E-Devlet E-Imza Uygulaması","e-devlet-e-imza-uygulamasi","unreported","https://giris.turkiye.gov.tr/Giris/Elektronik-Imza","","web-search","medium","","web: Official Turkish e-Government (turkiye.gov.tr) e-signature Java Web Start app"
"com.jftech.pdanet","PdaNet for Android","pdanet-for-android","unreported","https://jftech.com/","","reverse-dns","medium","Zhejiang JAIFY Co., Ltd.","candidate jftech.com; rel=0.00"
"com.southpolesoftware.iVI-4","iVI 4","ivi-4","unreported","https://southpolesoftware.com/","","reverse-dns","medium","South Pole Software","candidate southpolesoftware.com; rel=0.00"
"com.s2.uk.AppsAnywhere","AppsAnywhere","appsanywhere","unreported","https://s2.com/","","reverse-dns","medium","S2","candidate s2.com; rel=0.00"
"com.confirmed.lockdownMac","Lockdown","lockdown","native","https://markcubancompanies.com/","","reverse-dns","medium","Home - Mark Cuban Companies","candidate confirmed.com; rel=0.00"
"com.sonarworks.SoundIDListen","Sonarworks SoundID Listen","sonarworks-soundid-listen","unreported","https://www.sonarworks.com/","","reverse-dns","medium","","candidate sonarworks.com; rel=0.33"
"media.ulti.Supphyx","Supphyx","supphyx","native","https://ulti.media/product/supphyx/","","web-search","high","","web: Official Ulti.Media product page (bundleId media.ulti matches)"
"com.oecoway.friendlynetflix","Friendly Streaming","friendly-streaming","native","https://apps.apple.com/us/app/friendly-streaming-browser/id553245401","https://apps.apple.com/us/app/friendly-streaming-browser/id553245401","web-search","high","","web: Mac App Store (primary distribution; bundleId com.oecoway.friendlynetflix matches)"
"com.tomito.tomito","Tomito","tomito","native","https://tomito.app","https://apps.apple.com/us/app/tomito/id1526042938?mt=12&uo=4","itunes-seller","high","","MAS: Tomito v2.3.0"
"org.tagspaces.desktopapp","TagSpaces","tagspaces","native","https://www.tagspaces.org/","","reverse-dns","medium","Organize your files and folders with tags | TagSpaces","candidate tagspaces.org; rel=1.00"
"edu.mit.scratch.scratch-desktop","Scratch 3","scratch-3","unreported","https://scratch.mit.edu/download","","web-search","high","","web: Official MIT Scratch download page (scratch-desktop by Scratch Foundation)"
"com.slapdash","Slapdash","slapdash","native","https://slapdash.com/","","reverse-dns","medium","Thank You - Slapdash","candidate slapdash.com; rel=1.00"
"com.tapzapp.tapforms-mac","Tap Forms 5","tap-forms-5","unreported","https://www.tapforms.com/","","web-search","high","","web: Official Tap Zapp Software website"
"net.sourceforge.trans","Transcriber","transcriber","unreported","https://trans.sourceforge.net/","","web-search","high","","web: Official Transcriber project site (bundleId net.sourceforge.trans matches)"
"org.pythonmac.unspecified.iramuteq","iramuteq","iramuteq","unreported","http://pythonmac.org/","","reverse-dns","medium","","candidate pythonmac.org; rel=0.00"
"com.ccpgames.evelauncher","EVE Launcher","eve-launcher","unreported","https://fenris.com/","","reverse-dns","medium","Fenris Creations","candidate ccpgames.com; rel=0.00"
"com.yourcompany.CHITUBOX","CHITUBOX","chitubox","unreported","https://www.chitubox.com/","","web-search","high","","web: Official CHITUBOX resin 3D slicer website"
"io.raindrop.macapp","Raindrop.io","raindropio","native","https://raindrop.io/","","reverse-dns","medium","Raindrop.io — All-in-one bookmark manager","candidate raindrop.io; rel=1.00"
"net.kk-systems.spoonCastConverter","Spoon CAST Converter","spoon-cast-converter","unreported","https://www.kksystems.com/","","reverse-dns","medium","Home page","candidate kk-systems.com; rel=0.00"
"com.openmedia.4kyoutubetomp3","4K YouTube to MP3","4k-youtube-to-mp3","unreported","http://www.openmedia.com/","","reverse-dns","medium","Explosive Business Growth Strategies through Marketing Innovation Presented By OpenMedia.Com","candidate openmedia.com; rel=0.00"
"io.raindrop.safari","Save to Raindrop.io","save-to-raindropio","native","https://raindrop.io/","","reverse-dns","medium","Raindrop.io — All-in-one bookmark manager","candidate raindrop.io; rel=0.50"
"com.fiplab.clipboard","CopyClip","copyclip","native","https://fiplab.com/","","reverse-dns","medium","FIPLAB — Mac &amp; iOS Apps","candidate fiplab.com; rel=0.00"
"net.publicspace.br10","Better Rename 10","better-rename-10","unreported","https://www.publicspace.net/","","reverse-dns","medium","publicspace.net - Better Software for the Mac","candidate publicspace.net; rel=0.50"
"com.wearezeta.zclient.mac","Wire","wire","unreported","https://wire.com","https://apps.apple.com/us/app/wire-secure-messenger/id931134707?mt=12&uo=4","itunes-seller","high","","MAS: Wire • Secure Messenger v3.40.5442"
"com.savysoda.pixelStarships","Pixel Starships","pixel-starships","unreported","http://www.pixelstarships.com/","https://apps.apple.com/us/app/pixel-starships/id321756558?uo=4","itunes-seller","high","","MAS: Pixel Starships™ v0.999.56"
"com.novasoftinteractive.M157-Prologue-MacOS-v2","Meridian 157 Prologue","meridian-157-prologue","native","https://apps.apple.com/us/app/meridian-157-prologue-hd/id1537268536?mt=12&uo=4","https://apps.apple.com/us/app/meridian-157-prologue-hd/id1537268536?mt=12&uo=4","itunes-appstore","high","","MAS: Meridian 157: Prologue HD v1.1.0"
"com.cherrypickgames.myhospitalmac","My Hospital","my-hospital","unreported","https://cherrypickgames.com/","","reverse-dns","medium","Cherrypick Games S.A.","candidate cherrypickgames.com; rel=0.00"
"ca.johnpeng.app.miniVideo","miniVideo","minivideo","native","http://minivideo.s3-website.ca-central-1.amazonaws.com","https://apps.apple.com/us/app/minivideo-picture-in-picture/id1483114619?mt=12&uo=4","itunes-seller","high","","MAS: miniVideo - Picture in Picture v1.3.1"
"com.yourcompany.Candle","Candle","candle","unreported","https://github.com/Denvi/Candle","","web-search","high","","web: Official Denvi/Candle GRBL controller GitHub repo (generic default Qt bundleId)"
"se.propellerheads.reason","Reason","reason","unreported","https://www.reasonstudios.com/","","reverse-dns","medium","Reason Studios - Music Making Software That Sounds Like You","candidate propellerheads.se; rel=1.00"
"haxby.map","GeoMapApp","geomapapp","unreported","https://www.geomapapp.org/","","web-search","high","","web: Official GeoMapApp site (Lamont-Doherty / W. Haxby; bundleId haxby.map matches)"
"com.AmbientDesign.ArtRage","ArtRage 4","artrage-4","unreported","https://www.artrage.com/","","reverse-dns","medium","Artrage","candidate ambientdesign.com; rel=1.00"
"com.vectormagic.Vector Magic","Vector Magic","vector-magic","unreported","https://vectormagic.com/","","reverse-dns","medium","","candidate vectormagic.com; rel=1.00"
"org.btrust.cardmanager.MainClass","PINManager","pinmanager","unreported","https://www.b-trust.bg/en/services/software","","web-search","medium","","web: Official B-Trust (BORICA) smart card software page; bundleId org.btrust matches"
"com.bluejeansnet.Blue","BlueJeans","bluejeans","native","http://bluejeansnet.com/","","reverse-dns","medium","","candidate bluejeansnet.com; rel=1.00"
"com.eusoft.freeeudic","Eudb_en_free","eudbenfree","native","https://www.eudic.net/v4/en/app/eudic","https://apps.apple.com/us/app/eudic-%E6%AC%A7%E8%B7%AF%E8%AF%8D%E5%85%B8/id434350458?mt=12&uo=4","itunes-seller","high","","MAS: Eudic 欧路词典 v26.2.1"
"com.xuehu.words","TingYue","tingyue","native","http://eareyereading.com/help","https://apps.apple.com/us/app/tingyue-read-originals-easy/id645926554?uo=4","itunes-seller","high","","MAS: TingYue – Read Originals Easy v8.10.22"
"com.marcmoini.smartscroll4","Smart Scroll","smart-scroll","native","https://www.marcmoini.com/f3_en.html","","reverse-dns","medium","3D fileSpace for Mac OS X","candidate marcmoini.com; rel=0.00"
"com.dogparksoftware.MacLoggerDX","MacLoggerDX","macloggerdx","native","https://dogparksoftware.com/","","reverse-dns","medium","Mac Ham Radio Software","candidate dogparksoftware.com; rel=0.00"
"com.box.box-notes","Box Notes","box-notes","unreported","https://www.box.com/","","reverse-dns","medium","","candidate box.com; rel=0.50"
"org.getgreenshot.Greenshot","Greenshot","greenshot","unreported","http://getgreenshot.org","https://apps.apple.com/us/app/greenshot/id1103915944?mt=12&uo=4","itunes-seller","high","","MAS: Greenshot v1.2.19"
"com.logitech.gaming","Logitech Gaming Software","logitech-gaming-software","unreported","https://support.logi.com/hc/en-us/articles/360025298053-Logitech-Gaming-Software","","web-search","high","","web: Official Logitech support/download page"
"com.digia.${PRODUCT_NAME:rfc1034identifier}","AVSS","avss","unreported","https://digia.com/","","reverse-dns","medium","Digia | Unlock your intelligence","candidate digia.com; rel=0.00"
"org.gnome.meld","Meld","meld","unreported","https://www.gnome.org/","","reverse-dns","medium","GNOME &#8212; An independent computing platform for everyone","candidate gnome.org; rel=0.00"
"io.overflow.mac.app","Overflow","overflow","unreported","https://overflow.io/","","reverse-dns","medium","User flow diagramming tool for design teams | Overflow","candidate overflow.io; rel=1.00"
"AMC_CTRL_5_15C_OSX","AMC CTRL 5.15C OSX","amc-ctrl-515c-osx","unreported","https://abluesky.com/download-amc/","","web-search","high","","web: Official Blue Sky Audio Management Controller (AMC) download page (Windows & OS X)"
"com.newtek.Application-Mac-NDI-AccessManager","NewTek NDI Access Manager","newtek-ndi-access-manager","unreported","https://www.newtek.com/","","reverse-dns","medium","NewTek and Vizrt have now joined forces to become Vizrt - NewTek","candidate newtek.com; rel=0.25"
"io.shift.app-production","Shift","shift","unreported","https://www.mediasilo.com/","","reverse-dns","medium","MediaSilo | Video Management &amp; Collaboration Software","candidate shift.io; rel=1.00"
"com.raptisoft.Chuzzle","Chuzzle","chuzzle","unreported","https://raptisoft.com/","","reverse-dns","medium","Raptisoft Games!","candidate raptisoft.com; rel=0.00"
"com.zerotier.ZeroTier-One","ZeroTier One","zerotier-one","native","https://www.zerotier.com/","","reverse-dns","medium","ZeroTier | Next-Generation Connectivity and Cybersecurity","candidate zerotier.com; rel=0.50"
"com.milan-digital-audio.Hauptwerk.Hauptwerk","Hauptwerk","hauptwerk","unreported","https://www.hauptwerk.com/","","web-search","high","","web: Official Hauptwerk site (Milan Digital Audio; bundleId milan-digital-audio matches)"
"com.movavi.videoconverter21","Movavi Video Converter 21 Premium","movavi-video-converter-21-premium","unreported","https://www.movavi.com/mac.html","","reverse-dns","medium","Trusted Multimedia Software for your Mac | Movavi","candidate movavi.com; rel=0.25"
"com.wordmarkapp.macos","WordMark","wordmark","native","https://wordmarkapp.com/","","web-search","high","","web: Official WordMark markdown editor website (bundleId com.wordmarkapp matches)"
"com.xwavesoft.pomodoromaclite","Be Focused","be-focused","native","https://xwavesoft.com/","","reverse-dns","medium","Xwavesoft","candidate xwavesoft.com; rel=0.00"
"com.intego.virusbarrier-app-launcher","VirusBarrier Launcher","virusbarrier-launcher","native","https://www.intego.com/","","reverse-dns","medium","","candidate intego.com; rel=0.00"
"com.operasoftware.Installer.Opera","Opera Installer","opera-installer","native","https://press.opera.com/","","reverse-dns","medium","Opera Newsroom - Keep up on what&#039;s happening at Opera by following our latest public announcements.","candidate operasoftware.com; rel=0.50"
"com.xelaton.NoteC","Note-C","note-c","native","https://www.xelaton.com/en/Applications/Note-C","https://apps.apple.com/us/app/note-c/id666244849?mt=12&uo=4","itunes-seller","high","","MAS: Note-C v2.7.0"
"www.mricro.com.surfice","Surf Ice","surf-ice","native","http://mricro.com/","","reverse-dns","medium","Oncilla","candidate mricro.com; rel=0.00"
"org.slicer.slicer","Slicer 4.11.20210226","slicer-41120210226","unreported","https://www.slicer.org/","","reverse-dns","medium","3D Slicer image computing platform | 3D Slicer","candidate slicer.org; rel=0.50"
"com.mricro.MRIcron","MRIcron","mricron","unreported","http://mricro.com/","","reverse-dns","medium","Oncilla","candidate mricro.com; rel=0.00"
"wam.04351C371E530C3762CBA45FA283ED972DCDEFB6.1","Winamax Poker","winamax-poker","unreported","https://www.winamax.fr/jouer-au-poker","","web-search","high","","web: Official Winamax poker download page (Mac & Windows desktop client)"
"com.anatole.DemoPro","DemoPro","demopro","native","http://anatole.com/","","reverse-dns","medium","anatole.com","candidate anatole.com; rel=0.00"
"com.mothersruin.SuspiciousPackageApp","Suspicious Package","suspicious-package","native","https://mothersruin.com/","","reverse-dns","medium","Mothers Ruin Software","candidate mothersruin.com; rel=0.00"
"com.peacockmedia.Scrutiny-7","Scrutiny 10","scrutiny-10","native","https://kathryncartini.com/","","reverse-dns","medium","HOME - Kathryn Cartini | Founder, Investor &amp; Coach","candidate peacockmedia.com; rel=0.00"
"mylollc.Mylio","Mylio","mylio","native","https://mylio.com/","","reverse-dns","medium","Photo organizing software for Mac, Windows, Android, iOS","candidate mylio.com; rel=1.00"
"net.publicspace.Boring-Old-Menu-Bar","Boring Old Menu Bar","boring-old-menu-bar","native","https://www.publicspace.net/","","reverse-dns","medium","publicspace.net - Better Software for the Mac","candidate publicspace.net; rel=0.00"
"com.catforce.timemator.macos","Timemator","timemator","native","https://catforce.com/","","reverse-dns","medium","","candidate catforce.com; rel=0.00"
"com.mitledas.ChmPages","ChmPages","chmpages","native","http://www.mitledas.com/chmpages","https://apps.apple.com/us/app/chmpages/id1164062917?mt=12&uo=4","itunes-seller","high","","MAS: ChmPages v1.11"
"dvipnetconf","DVIP","dvip","unreported","http://www.datavideo.com","https://apps.apple.com/us/app/dvip-network-config/id1299580502?mt=12&uo=4","itunes-seller","high","","MAS: DVIP Network Config v1.1.2"
"com.cisco.anyconnect.macos.acsock","Cisco AnyConnect Socket Filter","cisco-anyconnect-socket-filter","native","https://www.cisco.com/","","reverse-dns","medium","AI Infrastructure, Secure Networking, and Software Solutions - Cisco","candidate cisco.com; rel=0.25"
"com.postmanlabs.mac.canary","PostmanCanary","postmancanary","unreported","https://www.postman.com/downloads/","","web-search","high","","web: Official Postman downloads page (Canary is Postman's prerelease channel)"
"com.designersdomain.corona","Corona","corona","native","http://www.designersdomain.com/Corona/Corona.html","https://apps.apple.com/us/app/corona/id412795667?mt=12&uo=4","itunes-seller","high","","MAS: Corona v4.8"
"com.macpomodoro","WebPomodoro","webpomodoro","native","https://apps.apple.com/us/app/focus-to-do-pomodoro-tasks/id1258530160?mt=12&uo=4","https://apps.apple.com/us/app/focus-to-do-pomodoro-tasks/id1258530160?mt=12&uo=4","itunes-appstore","high","","MAS: Focus To-Do: Pomodoro & Tasks v7.3"
"com.twopeoplesoftware.breaksforeyes","Intermission","intermission","native","https://tryintermission.com","https://apps.apple.com/us/app/intermission-breaks-for-eyes/id1439431081?mt=12&uo=4","itunes-seller","high","","MAS: Intermission - Breaks For Eyes v3.1.0"
"jp.co.canon.ij.scanutility2","Canon IJ Scan Utility2","canon-ij-scan-utility2","unreported","https://co.com/","","reverse-dns","medium","co.com","candidate co.com; rel=0.00"
"com.uaudio.ua_mixer_engine","UA Mixer Engine","ua-mixer-engine","unreported","https://www.uaudio.com/","","reverse-dns","medium","","candidate uaudio.com; rel=0.00"
"com.devon-technologies.XMenu","XMenu","xmenu","native","https://www.devontechnologies.com/redirect/freeware","https://apps.apple.com/us/app/xmenu/id419332741?mt=12&uo=4","itunes-seller","high","","MAS: XMenu v1.9.11"
"org.grunenberg.PhotoStickies","PhotoStickies","photostickies","native","https://www.devontechnologies.com/redirect/freeware","https://apps.apple.com/us/app/photostickies/id447313635?mt=12&uo=4","itunes-seller","high","","MAS: PhotoStickies v6.0.1"
"org.grunenberg.CalcService","CalcService","calcservice","native","https://www.devontechnologies.com/apps/freeware","","web-search","high","","web: Official DEVONtechnologies freeware page (org.grunenberg = DEVONtechnologies founder)"
"org.grunenberg.WordService","WordService","wordservice","native","https://www.devontechnologies.com/redirect/freeware","https://apps.apple.com/us/app/wordservice/id899972312?mt=12&uo=4","itunes-seller","high","","MAS: WordService v2.8.3"
"com.mockuuups.studio-setapp","Mockuuups Studio","mockuuups-studio","unreported","https://mockuuups.studio/","","web-search","high","","web: Official Mockuuups Studio website (also on Setapp per -setapp bundleId)"
"com.lkmake.clockmini","Clock mini","clock-mini","native","https://clockmini.app","https://apps.apple.com/us/app/clock-mini-world-clocks/id867539680?uo=4","itunes-seller","high","","MAS: Clock mini: World Clocks v4.3"
"com.basemark.basemarkgpu","BasemarkGPU","basemarkgpu","native","https://www.basemark.com/","","reverse-dns","medium","AR &amp; HMI Platform for Mission-Critical Environments | Basemark","candidate basemark.com; rel=0.00"
"com.spatialkey.desktop","SpatialKey Client","spatialkey-client","unreported","https://insurity.com/platform/spatialkey","","reverse-dns","medium","SpatialKey | Insurity","candidate spatialkey.com; rel=0.50"
"com.xelaton.MarkupTable","MarkupTable","markuptable","native","https://xelaton.com/","","reverse-dns","medium","Xelaton Software","candidate xelaton.com; rel=0.00"
"GPlates 2.2.0-Darwin-10.8.0","GPlates","gplates","unreported","https://www.gplates.org/","","web-search","high","","web: Official GPlates site (EarthByte / Univ. of Sydney plate-tectonics software)"
"com.mobotix.mxeasy","MxEasy","mxeasy","unreported","https://www.mobotix.com/","","reverse-dns","medium","","candidate mobotix.com; rel=0.00"
"com.checkpoint.eps_vpn.ui","EndpointConnect","endpointconnect","unreported","https://www.checkpoint.com/","","reverse-dns","medium","Check Point Software: Leader in Cyber Security Solutions","candidate checkpoint.com; rel=0.00"
"NGUdbhav.TriCo","TriCo","trico","unreported","https://trico.com/","","reverse-dns","medium","Welcome","candidate trico.com; rel=1.00"
"com.ifoodplus.TracedLines","TracedLines","tracedlines","native","https://www.ifoodplus.com/tracedlines/","","web-search","high","","web: Official iFoodPlus product page (bundleId com.ifoodplus matches)"
"com.roam-research.desktop-app","Roam Research","roam-research","unreported","https://roamresearch.com/","","web-search","high","","web: Official Roam Research website (bundleId com.roam-research matches)"
"com.tapbots.Pastebot2Mac","Pastebot","pastebot","native","https://tapbots.com/pastebot","https://apps.apple.com/us/app/pastebot/id1179623856?mt=12&uo=4","itunes-seller","high","","MAS: Pastebot v2.4.7"
"com.tensionsoftware.osx.macrestart.2","Mac Restart","mac-restart","native","http://tensionsoftware.com/","","reverse-dns","medium","Tension Software * Ecleti","candidate tensionsoftware.com; rel=0.00"
"co.zeit.hyper","Hyper","hyper","native","https://vercel.com/","","reverse-dns","medium","","candidate zeit.co; rel=0.00"
"com.logi.ghub.installer","lghub_installer","lghubinstaller","unreported","https://www.logitechg.com/en-us/software/ghub","","web-search","high","","web: Official Logitech G HUB software page (bundleId com.logi.ghub matches)"
"bg.peternikolow.qrencoder","QREncoder","qrencoder","unreported","https://apps.apple.com/de/app/qrencoder/id452695239","https://apps.apple.com/de/app/qrencoder/id452695239","web-search","high","","web: Mac App Store (primary distribution; developer Peter Nikolow / mobiliodevelopment.com)"
"org.opencascade.cadassistant","CAD Assistant","cad-assistant","unreported","https://apps.apple.com/us/app/cad-assistant/id984561628?uo=4","https://apps.apple.com/us/app/cad-assistant/id984561628?uo=4","itunes-appstore","high","","MAS: CAD Assistant v1.2"
"org.moneymanagerex.mmex","Money Manager EX","money-manager-ex","native","https://moneymanagerex.org/","","reverse-dns","medium","MoneyManager Ex -","candidate moneymanagerex.org; rel=1.00"
"org.kde.KMyMoney","KMyMoney","kmymoney","unreported","https://kde.org/","","reverse-dns","medium","Home - KDE Community","candidate kde.org; rel=0.00"
"com.roon.Roon","Roon","roon","unreported","https://roon.app/","","web-search","high","","web: Official Roon (Roon Labs) website"
"jp.konami.mac.FroggerTTGold.retaildemo","Frogger TT","frogger-tt","unreported","https://www.konami.com/siteinfo/ja/shorturl.html","","reverse-dns","medium","konami.jp KONAMI専用短縮URLサービス | コナミグループ株式会社","candidate konami.jp; rel=0.00"
"com.hipsterwhale.crossycastle.retaildemo","Crossy Castle","crossy-castle","unreported","https://www.hipsterwhale.com/","","reverse-dns","medium","Hipster Whale - We Develop Great Games","candidate hipsterwhale.com; rel=0.00"
"com.RootRiseTechnologies.PhotoJob-2-Demo","PhotoJob 2-Demo","photojob-2-demo","unreported","https://rootrisetech.com/","","web-search","high","","web: Official RootRise Technologies website (bundleId com.RootRiseTechnologies matches)"
"me.erambert.bettertweetdeck-safari","BetterTDeck for TweetDeck","bettertdeck-for-tweetdeck","native","https://damien.zone/","","reverse-dns","medium","Index | damien.zone","candidate erambert.me; rel=0.00"
"better.fyi.mac","Better","better","unreported","https://fyi.com/","","reverse-dns","medium","FYI.com &#8211; NEWS INFORMATION CONVERSATION","candidate fyi.com; rel=0.00"
"com.manytricks.Displaperture","Displaperture","displaperture","native","https://manytricks.com/","","reverse-dns","medium","Many Tricks &middot; Fine Mac Utilities","candidate manytricks.com; rel=0.00"
"com.completemagic.memorypicss","Memory Pictures","memory-pictures","native","https://www.completemagic.com/","","reverse-dns","medium","CompleteMagic Apps &#8211; Bringing Productivity to the Mac","candidate completemagic.com; rel=0.00"
"com.completemagic.memorypicsviewer","Memory Pictures Viewer","memory-pictures-viewer","native","https://www.completemagic.com/apps/memory-pictures-viewer-appstore/","https://apps.apple.com/us/app/memory-pictures-viewer/id1151374846?mt=12&uo=4","itunes-seller","high","","MAS: Memory Pictures Viewer v2.6.2"
"com.modelmakertools.simplemind-osx","SimpleMind Pro","simplemind-pro","native","https://modelmakertools.com/","","reverse-dns","medium","ModelMaker Tools","candidate modelmakertools.com; rel=0.00"
"com.perfect-privacy.perfect-privacy-vpn","Perfect Privacy VPN","perfect-privacy-vpn","unreported","https://www.perfect-privacy.com/en/vpn-apps","","web-search","high","","web: Official Perfect Privacy VPN apps download page"
"Alpha Centauri.Wineskin.prefs","Alpha Centauri","alpha-centauri","unreported","https://wineskin.com/","","reverse-dns","medium","","candidate wineskin.com; rel=0.00"
"com.gog.the_dame_was_loaded","The Dame Was Loaded","the-dame-was-loaded","unreported","https://www.gog.com/","","reverse-dns","medium","GOG.COM","candidate gog.com; rel=0.00"
"com.dinopoloclub.minimotorways.macos","Mini Motorways","mini-motorways","native","https://dinopoloclub.com/press/mini-motorways/","https://apps.apple.com/us/app/mini-motorways/id1456188526?mt=12&uo=4","itunes-seller","high","","MAS: Mini Motorways v1.20"
"com.fanurio.Launcher","Fanurio","fanurio","native","https://www.fanuriotimetracking.com/?__c=1","","reverse-dns","medium","Fanurio - Time tracking software for freelancers and teams","candidate fanurio.com; rel=1.00"
"com.olivetree.BibleReaderMac","Bible Study","bible-study","unreported","https://www.olivetree.com","https://apps.apple.com/us/app/bible-study/id472790630?mt=12&uo=4","itunes-seller","high","","MAS: Bible Study v8.0.16"
"se.elektron.AnalogFourPlugin","Analog Four","analog-four","native","https://www.elektron.se/","","reverse-dns","medium","We Are Elektron","candidate elektron.se; rel=0.00"
"com.pulsedownloader.client","Pulse","pulse","unreported","https://pulsedownloader.com/","","reverse-dns","medium","Homepage - Pulse Downloader","candidate pulsedownloader.com; rel=1.00; PARKED?"
"io.github.iglance.iGlance","iGlance","iglance","unreported","https://github.com/iglance/iGlance","","web-search","high","","web: Official open-source GitHub repo (bundleId io.github.iglance matches)"
"com.mac.AirpodsPro-Battery","Airpods Battery Monitor","airpods-battery-monitor","native","https://www.apple.com/mac/","","reverse-dns","medium","Mac - Apple","candidate mac.com; rel=0.00"
"com.getupnote.desktop","UpNote","upnote","unreported","https://getupnote.com","https://apps.apple.com/us/app/upnote-notes-diary-journal/id1398373917?mt=12&uo=4","itunes-seller","high","","MAS: UpNote: notes, diary, journal v9.18.12"
"ilg.exam-360-loader","ILGExam360","ilgexam360","unreported","https://www.ilgexam360.com/","","web-search","high","","web: Official ILG Technologies Exam360 site (bundleId ilg.exam-360 matches)"
"com.IdeaPunch.ColorSlurp","ColorSlurp","colorslurp","native","http://colorslurp.com/?utm_source=iosappstore","https://apps.apple.com/us/app/colorslurp/id1287239339?uo=4","itunes-seller","high","","MAS: ColorSlurp v1.5.3"
"com.suavetech.0xED","0xED","0xed","unreported","http://www.suavetech.com/0xed/0xed.html","","web-search","high","","web: Official Suavetech site"
"ro.sync.exml.Oxygen","Oxygen XML Editor","oxygen-xml-editor","native","https://www.sync.com/","","reverse-dns","medium","Secure Cloud Storage &amp; Internet Storage Services | Sync","candidate sync.com; rel=0.00"
"com.tensionsoftware.cronette","Cronette","cronette","native","http://tensionsoftware.com/","","reverse-dns","medium","Tension Software * Ecleti","candidate tensionsoftware.com; rel=0.00"
"com.secondlife.indra.viewer","SecondLife","secondlife","unreported","https://secondlife.com/","","reverse-dns","medium","Official Site | Second Life - Virtual Worlds, Virtual Reality, VR, Avatars, and Free 3D Chat","candidate secondlife.com; rel=1.00"
"lv.euso.signanywhere","eparakstitajs3","eparakstitajs3","unreported","http://euso.com/","","reverse-dns","medium","Webhost","candidate euso.com; rel=0.00"
"lv.eparaksts.eparaksts-safari","eParaksts-Safari","eparaksts-safari","unreported","https://eparaksts.com/","","reverse-dns","medium","","candidate eparaksts.com; rel=0.50"
"com.logitech.LogitechGamingInstaller","LogitechGamingInstaller","logitechgaminginstaller","unreported","https://support.logi.com/hc/en-us/articles/360025298053-Logitech-Gaming-Software","","web-search","high","","web: Official Logitech support/download page for Logitech Gaming Software"
"com.peacockmedia.Dendrite","Dendrite","dendrite","native","https://kathryncartini.com/","","reverse-dns","medium","HOME - Kathryn Cartini | Founder, Investor &amp; Coach","candidate peacockmedia.com; rel=0.00"
"com.xs-labs.Xclean","Xclean","xclean","native","https://xs-labs.com/en/","","reverse-dns","medium","XS-Labs","candidate xs-labs.com; rel=0.00"
"com.zevrix.BatchOutputPPT","BatchOutput PPT","batchoutput-ppt","unreported","https://zevrix.com/","","reverse-dns","medium","","candidate zevrix.com; rel=0.00"
"org.ovito","Ovito","ovito","unreported","https://ovito.org/","","reverse-dns","medium","OVITO — Scientific data visualization and analysis software","candidate ovito.org; rel=1.00"
"com.giorgiocalderolla.Wipr-Mac","Wipr","wipr","native","https://kaylees.site/","","reverse-dns","medium","I make apps for humans","candidate giorgiocalderolla.com; rel=0.00"
"us.sitesucker.mac.sitesucker-pro","SiteSucker Pro","sitesucker-pro","native","https://ricks-apps.com/osx/sitesucker/index.html","","web-search","high","","web: Official developer site (Rick Cranisky)"
"com.huawei.fusionaccess","FusionAccess","fusionaccess","unreported","https://www.huawei.com/en/","","reverse-dns","medium","Huawei - Building a Fully Connected, Intelligent World","candidate huawei.com; rel=0.00"
"com.aws.weatherbugosx","WeatherBug","weatherbug","unreported","https://aws.amazon.com/","","reverse-dns","medium","","candidate aws.com; rel=0.00"
"com.Aria2GUI","Aria2GUI","aria2gui","unreported","https://github.com/XMFEr/aria2gui","","web-search","medium","","web: Official GitHub repo (Aria2GUI for MAC OS X)"
"com.shff.Duncan","ReturntoDarkCastle","returntodarkcastle","unreported","http://shff.com/","","reverse-dns","medium","","candidate shff.com; rel=0.00"
"com.InfoLogic.MathMagic.Pro","MathMagic Pro InD","mathmagic-pro-ind","unreported","https://infologic.com/","","reverse-dns","medium","Home - Infologic","candidate infologic.com; rel=0.00"
"maccatalyst.com.ultimateguitar.tabs100","Ultimate Guitar - Chords & Tabs","ultimate-guitar-chords-and-tabs","unreported","https://apps.apple.com/us/app/ultimate-guitar-chords-tabs/id1479045460","https://apps.apple.com/us/app/ultimate-guitar-chords-tabs/id1479045460","web-search","high","","web: Mac App Store (Mac Catalyst build, primary distribution); vendor ultimate-guitar.com"
"com.inderdhir.DatWeatherDoe","DatWeatherDoe","datweatherdoe","native","https://github.com/inderdhir/DatWeatherDoe","","web-search","high","","web: Official GitHub repo"
"com.JaLu.Backgrounds","Backgrounds","backgrounds","native","https://apps.apple.com/us/app/backgrounds/id808501572?mt=12","https://apps.apple.com/us/app/backgrounds/id808501572?mt=12","web-search","high","","web: Mac App Store (primary distribution)"
"jp.co.canon.ij.scanutility","Canon IJ Scan Utility","canon-ij-scan-utility","unreported","https://co.com/","","reverse-dns","medium","co.com","candidate co.com; rel=0.00"
"com.intego.Intego-Backup-Assistant","Intego Backup Assistant","intego-backup-assistant","unreported","https://www.intego.com/","","reverse-dns","medium","","candidate intego.com; rel=0.33"
"com.LaCie.DesktopManager.launcher","LaCie Desktop Manager","lacie-desktop-manager","unreported","https://www.seagate.com/support/software/lacie-desktop-manager/","","web-search","high","","web: Official Seagate/LaCie support download page"
"com.lacie.toolkit.installer","LaCie Toolkit Installer","lacie-toolkit-installer","unreported","https://www.seagate.com/support/software/lacie-toolkit/","","web-search","high","","web: Official Seagate/LaCie Toolkit support download page"
"com.honeygain.Honeygain","Honeygain","honeygain","unreported","https://www.honeygain.com/","","reverse-dns","medium","Honeygain | An Earning App That Works in the Background","candidate honeygain.com; rel=1.00"
"com.froiden.snaphrm","SnapHRM","snaphrm","native","https://froiden.com/","","reverse-dns","medium","Froiden - Enterprise Software Solutions for Businesses","candidate froiden.com; rel=0.00"
"com.electron.twine","Twine","twine","unreported","https://twinery.org/","","web-search","high","","web: Official Twine (interactive fiction tool) site"
"com.ragesw.everweb","EverWeb","everweb","native","https://www.ragesw.com/","","reverse-dns","medium","Mac OS X Web Builder & SEO Software | iWeb Replacement","candidate ragesw.com; rel=0.00"
"com.xelaton.Myary","Myary","myary","native","https://www.xelaton.com/en/Applications/Myary","https://apps.apple.com/us/app/myary/id662843506?mt=12&uo=4","itunes-seller","high","","MAS: Myary v2.7.0"
"io.protopie","ProtoPie","protopie","native","https://www.protopie.io/","","reverse-dns","medium","ProtoPie: Interactive Prototyping Tool","candidate protopie.io; rel=1.00"
"com.riotgames.RiotGames.RiotClient","Install League of Legends eune","install-league-of-legends-eune","unreported","https://www.riotgames.com/en","","reverse-dns","medium","Riot Games. Developer of League of Legends, VALORANT, Teamfight Tactics, Legends of Runeterra, and Wild Rift. Creators o","candidate riotgames.com; rel=0.50"
"com.todesktop.2104028fm5c7zry","Only Friends","only-friends","unreported","https://www.todesktop.com/","","reverse-dns","medium","ToDesktop","candidate todesktop.com; rel=0.00"
"com.motu.firewire.SMTPE.console","MOTU SMPTE Setup","motu-smpte-setup","unreported","https://motu.com/en-us/","","reverse-dns","medium","Home | MOTU.com","candidate motu.com; rel=0.33"
"com.motu.audio.config.console","MOTU Audio Setup","motu-audio-setup","unreported","https://motu.com/en-us/","","reverse-dns","medium","Home | MOTU.com","candidate motu.com; rel=0.33"
"com.motu.CueMixFX","CueMix FX","cuemix-fx","unreported","https://motu.com/en-us/","","reverse-dns","medium","Home | MOTU.com","candidate motu.com; rel=0.00"
"com.motu.gen5.cuemix5","CueMix 5","cuemix-5","native","https://motu.com/en-us/","","reverse-dns","medium","Home | MOTU.com","candidate motu.com; rel=0.00"
"com.motu.PerformerLite","Performer Lite","performer-lite","unreported","https://motu.com/en-us/","","reverse-dns","medium","Home | MOTU.com","candidate motu.com; rel=0.00"
"com.epson.EPSON-Manuals","EPSON Manuals","epson-manuals","unreported","https://epson.com/","","reverse-dns","medium","Epson Global Portal","candidate epson.com; rel=0.50"
"com.producthunt.producthuntosx","Product Hunt","product-hunt","unreported","https://github.com/producthunt/producthunt-osx","","web-search","high","","web: Official Product Hunt open-source macOS app repo"
"com.DigiDNA.ColorSet","ColorSet","colorset","native","https://github.com/DigiDNA/ColorSet","","web-search","high","","web: Official DigiDNA GitHub repo"
"com.lamquangminh.evkey","EVKey","evkey","unreported","https://github.com/lamquangminh/EVKey","","web-search","high","","web: Official GitHub repo (Vietnamese keyboard)"
"com.maxprog.maxbulkmailer","MaxBulk Mailer","maxbulk-mailer","native","https://www.maxprog.com/site/index-us.php","","reverse-dns","medium","Email Marketing Software for Bulk Email | Maxprog","candidate maxprog.com; rel=0.00"
"com.peacockmedia.Screensleeves-Standalone","Screensleeves Standalone","screensleeves-standalone","native","https://kathryncartini.com/","","reverse-dns","medium","HOME - Kathryn Cartini | Founder, Investor &amp; Coach","candidate peacockmedia.com; rel=0.00"
"com.fluidapp.FluidApp2.Netflix","Netflix","netflix","unreported","https://fluidapp.com/","","reverse-dns","medium","Fluid – Turn any webpage into a real Mac App","candidate fluidapp.com; rel=0.00"
"com.maxprog.icash","iCash","icash","native","https://www.maxprog.com/site/index-us.php","","reverse-dns","medium","Email Marketing Software for Bulk Email | Maxprog","candidate maxprog.com; rel=0.00"
"com.redgiant.application-manager","Red Giant Application Manager","red-giant-application-manager","unreported","https://www.maxon.net/en/red-giant","","reverse-dns","medium","","candidate redgiant.com; rel=0.50"
"cn.coldlake.stellar","StellarPlayerForMac","stellarplayerformac","unreported","https://www.coldlake.com/","","reverse-dns","medium","Home | City of Cold Lake","candidate coldlake.com; rel=0.00"
"com.tensionsoftware.autocrypt","AutoCrypt","autocrypt","native","http://tensionsoftware.com/","","reverse-dns","medium","Tension Software * Ecleti","candidate tensionsoftware.com; rel=0.00"
"org.zdoom.lzdoom","LZDoom","lzdoom","unreported","https://zdoom.com/","","reverse-dns","medium","","candidate zdoom.com; rel=0.00"
"org.zdoom.ZDoom","ZDoom","zdoom","unreported","https://zdoom.com/","","reverse-dns","medium","","candidate zdoom.com; rel=1.00"
"com.TryBest.Paint","Paint S","paint-s","native","https://apps.apple.com/us/app/paint-s/id736473980","https://apps.apple.com/us/app/paint-s/id736473980","web-search","high","","web: Mac App Store (primary distribution, TryBest)"
"com.wacom.Wacom-Desktop-Center","Wacom Desktop Center","wacom-desktop-center","native","https://www.wacom.com/en-us","","reverse-dns","medium","","candidate wacom.com; rel=0.33"
"com.fuekiin.NightOwl","NightOwl","nightowl","native","https://nightowlapp.co/","","web-search","high","","web: Official NightOwl site"
"com.zevrix.PackageCentral","Package Central","package-central","unreported","https://zevrix.com/","","reverse-dns","medium","","candidate zevrix.com; rel=0.00"
"de.audiotranskription.F5","f4transkript","f4transkript","native","https://www.audiotranskription.de/","","reverse-dns","medium","Transkribieren, Codieren &amp; Analysieren mit f4 | audiotranskription","candidate audiotranskription.de; rel=0.00"
"com.xunlei.Thunder","Thunder","thunder","native","https://www.xunlei.com/","","reverse-dns","medium","迅雷-构建全球最大的去中心化存储与传输网络","candidate xunlei.com; rel=0.00"
"com.schimera.WebDAVNavServer","WebDAVNav Server","webdavnav-server","native","https://schimera.com/","","reverse-dns","medium","Freelance MVP and rapid prototype development","candidate schimera.com; rel=0.00"
"ca.derivative.TouchDesigner099","TouchDesigner","touchdesigner","unreported","https://derivative.ca/","","reverse-dns","medium","Derivative |","candidate derivative.ca; rel=0.00"
"com.tensionsoftware.osx.productmanager.2","Product Manager 2","product-manager-2","native","http://tensionsoftware.com/","","reverse-dns","medium","Tension Software * Ecleti","candidate tensionsoftware.com; rel=0.00"
"net.qihoo.360browser","360Chrome","360chrome","unreported","https://browser.360.cn/ee/mac/","","web-search","high","","web: Official Qihoo 360 Extreme/Chrome browser Mac page"
"org.magnifier.magnifier","Xoctave","xoctave","unreported","https://magnifier.org/","","reverse-dns","medium","","candidate magnifier.org; rel=0.00"
"com.ctmdev.App-Language-Chooser","App Language Chooser","app-language-chooser","unreported","http://foxtrot-search.com/","","reverse-dns","medium","FoxTrot Search","candidate ctmdev.com; rel=0.00"
"com.feral.starwars","LEGO Star Wars II Demo","lego-star-wars-ii-demo","unreported","https://feral.com/","","reverse-dns","medium","Feral","candidate feral.com; rel=0.00"
"com.alexandrudenk.Dark-Mode-for-Safari","Dark Mode for Safari","dark-mode-for-safari","native","https://apps.apple.com/us/app/dark-mode-for-safari/id1397180934?mt=12","https://apps.apple.com/us/app/dark-mode-for-safari/id1397180934?mt=12","web-search","high","","web: Mac App Store (primary distribution, Safari extension by Alexandru Denk)"
"net.sourceforge.sqlitebrowser","DB Browser for SQLite","db-browser-for-sqlite","unreported","https://sqlitebrowser.org/","","web-search","high","","web: Official project site"
"com.adobe.dimension","Adobe Dimension","adobe-dimension","unreported","https://www.adobe.com/","","reverse-dns","medium","Adobe: Creative, marketing and document management solutions","candidate adobe.com; rel=0.50"
"com.oltica.ACVM","ACVM","acvm","native","https://github.com/KhaosT/ACVM","","web-search","high","","web: Original author GitHub repo (KhaosT, Oltica)"
"desktop.co.guarda.app","Guarda","guarda","unreported","https://co.com/","","reverse-dns","medium","co.com","candidate co.com; rel=0.00"
"melgu.TidalSwift","TidalSwift","tidalswift","native","https://github.com/melgu/TidalSwift","","web-search","high","","web: Official GitHub repo"
"com.github.htrb.ngraph-gtk","ngraph-gtk","ngraph-gtk","unreported","https://github.com/htrb/ngraph-gtk","","web-search","high","","web: Official GitHub repo"
"clipto","Clipto","clipto","unreported","https://github.com/clipto-pro/Desktop","","web-search","medium","","web: Official clipto-pro GitHub repo (clipboard/notes desktop app)"
"org.darkreader.DarkReaderSafari","Dark Reader for Safari","dark-reader-for-safari","native","https://darkreader.org/","","reverse-dns","medium","Dark Reader","candidate darkreader.org; rel=0.50"
"com.webcatalog.jordan","WebCatalog","webcatalog","native","https://webcatalog.io/","","web-search","high","","web: Official WebCatalog site"
"org.openmw.opencs","OpenMW-CS","openmw-cs","unreported","https://openmw.org/","","reverse-dns","medium","OpenMW","candidate openmw.org; rel=1.00"
"eu.cloudmakers.INDI-Control-Panel","INDIGO Control Panel","indigo-control-panel","native","https://apps.apple.com/us/app/indigo-control-panel/id813852113?uo=4","https://apps.apple.com/us/app/indigo-control-panel/id813852113?uo=4","itunes-appstore","high","","MAS: INDIGO Control Panel v5.33"
"cn.huorong.HRSword","HRSword","hrsword","unreported","https://huorong.cn/","","reverse-dns","medium","火绒安全","candidate huorong.cn; rel=0.00"
"com.iSeePassword.DrPDFMain","DrPDF","drpdf","unreported","https://www.iseepassword.com/","","reverse-dns","medium","[OFFICIAL] iSeePassword Studio Offers Great Password Recovery Tool for Windows, Office and iTunes.","candidate iseepassword.com; rel=0.00"
"org.puredata.pd.pd-gui","Pd","pd","unreported","http://puredata.org/","","reverse-dns","medium","Registrant WHOIS contact information verification","candidate puredata.org; rel=0.00"
"ca.jeffreyfulton.MiniPass","Minimalist","minimalist","native","https://jeffreyfulton.ca/","","reverse-dns","medium","Jeffrey Fulton | Swift Developer","candidate jeffreyfulton.ca; rel=0.00"
"design.yugen.Flow","Flow","flow","native","https://www.flow.app","https://apps.apple.com/us/app/flow-focus-pomodoro-timer/id1423210932?uo=4","itunes-seller","high","","MAS: Flow: Focus & Pomodoro Timer v4.8.0"
"jp.dicwizard.Logophile","Logophile","logophile","unreported","https://dicwizard.jp/","","reverse-dns","medium","","candidate dicwizard.jp; rel=0.00"
"com.bearisdriving.BGM.App","Background Music","background-music","native","https://bearisdriving.com/","","reverse-dns","medium","Kyle's Bear Is Driving Dot Com (A personal website, I guess.)","candidate bearisdriving.com; rel=0.00"
"de.bernhard-baehr.pdp8e.simulator","PDP-8/E Simulator","pdp-8e-simulator","native","https://bernhard-baehr.de/","","reverse-dns","medium","bb's Homepage","candidate bernhard-baehr.de; rel=0.00"
"com.haystacksoftware.Arq","Arq","arq","native","https://www.arqbackup.com/","","reverse-dns","medium","Cloud backup software for Mac and Windows : Arq","candidate haystacksoftware.com; rel=1.00"
"com.logitech.logicapture","Logi Capture","logi-capture","unreported","https://www.logitech.com/en-us/software/capture.html","","web-search","high","","web: Official Logitech Capture download page"
"com.seclore.SecloreLite.Main","Seclore Lite Main","seclore-lite-main","unreported","https://www.seclore.com/","","reverse-dns","medium","Seclore | Data Security Intelligence | Embrace AI Fearlessly","candidate seclore.com; rel=0.33"
"com.movavi.screencapture","Movavi Screen Recorder","movavi-screen-recorder","unreported","https://www.movavi.com/movavi-screen-recorder-mac/","https://apps.apple.com/us/app/movavi-screen-recorder/id593854334?mt=12&uo=4","itunes-seller","high","","MAS: Movavi Screen Recorder v24.7.1"
"com.bitdefender.BitdefenderVirusScanner","BitdefenderVirusScanner","bitdefendervirusscanner","unreported","https://www.bitdefender.com/solutions/virus-scanner-for-mac.html","https://apps.apple.com/us/app/bitdefender-virus-scanner/id500154009?mt=12&uo=4","itunes-seller","high","","MAS: Bitdefender Virus Scanner v3.18"
"net.officetime.officetime","OfficeTime","officetime","unreported","https://officetime.net/","","reverse-dns","medium","OfficeTime &#8211; Time Tracking for Mac, PC, iPhone, iPad","candidate officetime.net; rel=1.00"
"com.Google.GoogleEarthPro","Google Earth Pro","google-earth-pro","unreported","https://www.google.com/","","reverse-dns","medium","Google","candidate google.com; rel=0.33"
"com.sharpened.FileViewer","File Viewer","file-viewer","unreported","https://sharpened.com/software/ios/file_viewer/","https://apps.apple.com/us/app/file-viewer/id495987613?uo=4","itunes-seller","high","","MAS: File Viewer v1.2"
"com.edrawsoft.mindmaster","MindMaster","mindmaster","unreported","https://www.edrawsoft.com/","","reverse-dns","medium","[OFFICIAL] Edraw Software: Unlock Diagram Possibilities","candidate edrawsoft.com; rel=0.00"
"com.dxo.Viveza2.app","Viveza 2","viveza-2","unreported","https://www.dxo.com/","","reverse-dns","medium","DxO photo editing software: For the passionate photographer.","retry candidate dxo.com"
"com.sweetpproductions.DesktopUtility","DesktopUtility","desktoputility","native","https://sweetpproductions.com/","","reverse-dns","medium","SweetP Productions — Mac Privacy & Utility Apps","candidate sweetpproductions.com; rel=0.00"
"com.webgames3d.shotpromac","ShotPro","shotpro","unreported","https://webgames3d.com/","","reverse-dns","medium","","candidate webgames3d.com; rel=0.00"
"com.anogeissus.ApolloOne","ApolloOne","apolloone","native","https://anogeissus.com/","","reverse-dns","medium","Anogeissus - ApolloOne, Camera RawX & KatClaw | Mac Photography Tools","candidate anogeissus.com; rel=1.00"
"net.agalwood.Motrix","Motrix","motrix","native","https://agalwood.net/","","reverse-dns","medium","AGALWOOD","candidate agalwood.net; rel=0.00"
"clowwindy.ShadowsocksX","Shadowsocks","shadowsocks","unreported","https://www.emptyun.com/","","reverse-dns","medium","A secure socks5 proxy","candidate shadowsocksx.com; rel=1.00"
"com.kfir.mac20486x6","2048 6x6","2048-6x6","native","https://www.kdanielmusic.com/","","reverse-dns","medium","K Daniel","candidate kfir.com; rel=0.00"
"com.LWKS.lightworks","Lightworks","lightworks","unreported","https://lwks.com/","","reverse-dns","medium","Lightworks - Easy to Use Pro Video Editing Software","candidate lwks.com; rel=1.00"
"com.dbpoweramp.dBpoweramp-Video-Converter","dBpoweramp Video Converter","dbpoweramp-video-converter","unreported","https://dbpoweramp.com/","","reverse-dns","medium","dBpoweramp: mp3 Converter, CD Ripper, FLAC, Apple Lossless. PerfectTUNES: fixes album art. Asset UPnP Server. Video and ","candidate dbpoweramp.com; rel=1.00"
"com.gingeraudio.CUBE","GroundControl Cube","groundcontrol-cube","native","https://www.gingeraudio.com/","","reverse-dns","medium","Ginger Audio | Quality Software Audio Solutions","candidate gingeraudio.com; rel=0.00"
"com.perfdog.app","PerfDog","perfdog","unreported","https://perfdog.com/","","reverse-dns","medium","PerfDog home page","candidate perfdog.com; rel=1.00"
"net.kishonti.gfxbench.metal.osx","GFXBench Metal","gfxbench-metal","native","http://gfxbench.com","https://apps.apple.com/us/app/gfxbench-metal/id1044629456?mt=12&uo=4","itunes-seller","high","","MAS: GFXBench Metal v5.0.6"
"com.hp.hp-easy-admin","HP Easy Admin","hp-easy-admin","unreported","https://www.hp.com/us-en/home.html","","reverse-dns","medium","Laptop Computers, Desktops, Printers, Ink &amp; Toner | HP® Official Site","candidate hp.com; rel=0.00"
"com.realtechvr.skyorblite","SkyORBLite","skyorblite","native","https://www.realtechvr.com/","","reverse-dns","medium","Vacation Rental Websites &amp; Marketing | RealTech Webmasters","candidate realtechvr.com; rel=0.00"
"uk.co.thefoundry.HieroPlayer13.0v2","HieroPlayer13.0v2","hieroplayer130v2","unreported","https://www.foundry.com/","","reverse-dns","medium","Imagination Engineered | Foundry","candidate thefoundry.co.uk; rel=0.00"
"uk.co.thefoundry.Hiero13.0v2","Hiero13.0v2","hiero130v2","unreported","https://www.foundry.com/","","reverse-dns","medium","Imagination Engineered | Foundry","candidate thefoundry.co.uk; rel=0.00"
"uk.co.thefoundry.Nuke13.0v2NC","Nuke13.0v2 NC","nuke130v2-nc","unreported","https://www.foundry.com/","","reverse-dns","medium","Imagination Engineered | Foundry","candidate thefoundry.co.uk; rel=0.00"
"uk.co.thefoundry.NukeAssist13.0v2","NukeAssist13.0v2","nukeassist130v2","unreported","https://www.foundry.com/","","reverse-dns","medium","Imagination Engineered | Foundry","candidate thefoundry.co.uk; rel=0.00"
"uk.co.thefoundry.NukeIndie13.0v2","NukeIndie13.0v2","nukeindie130v2","unreported","https://www.foundry.com/","","reverse-dns","medium","Imagination Engineered | Foundry","candidate thefoundry.co.uk; rel=0.00"
"uk.co.thefoundry.NukeStudio13.0v2","NukeStudio13.0v2","nukestudio130v2","unreported","https://www.foundry.com/","","reverse-dns","medium","Imagination Engineered | Foundry","candidate thefoundry.co.uk; rel=0.00"
"uk.co.thefoundry.NukeStudio13.0v2NC","NukeStudio13.0v2 NC","nukestudio130v2-nc","unreported","https://www.foundry.com/","","reverse-dns","medium","Imagination Engineered | Foundry","candidate thefoundry.co.uk; rel=0.00"
"uk.co.thefoundry.NukeX13.0v2NC","NukeX13.0v2 NC","nukex130v2-nc","unreported","https://www.foundry.com/","","reverse-dns","medium","Imagination Engineered | Foundry","candidate thefoundry.co.uk; rel=0.00"
"uk.co.thefoundry.NukeX13.0v2","NukeX13.0v2","nukex130v2","unreported","https://www.foundry.com/","","reverse-dns","medium","Imagination Engineered | Foundry","candidate thefoundry.co.uk; rel=0.00"
"jp.co.pfu.ScanSnap.V10L10","ScanSnap Manager","scansnap-manager","unreported","https://co.com/","","reverse-dns","medium","co.com","candidate co.com; rel=0.00"
"com.adobe.distiller","Distiller","distiller","unreported","https://www.adobe.com/","","reverse-dns","medium","Adobe: Creative, marketing and document management solutions","candidate adobe.com; rel=0.00"
"com.adobe.Acrobat.Uninstaller","Acrobat Uninstaller","acrobat-uninstaller","unreported","https://www.adobe.com/","","reverse-dns","medium","Adobe: Creative, marketing and document management solutions","candidate adobe.com; rel=0.00"
"app.cyan.tinycalx","TinyCal","tinycal","native","https://plumamazing.com/product/tinycal/","","web-search","high","","web: Official Plum Amazing product page"
"com.Cyberdyne.Delay-Start","Delay-Start","delay-start","unreported","https://apps.apple.com/us/app/delay-start/id591620786?mt=12&uo=4","https://apps.apple.com/us/app/delay-start/id591620786?mt=12&uo=4","itunes-appstore","high","","MAS: Delay Start v1.1"
"com.dockstationio.dockstation","DockStation","dockstation","unreported","https://github.com/DockStation/dockstation","","web-search","high","","web: Official GitHub repo"
"org.codeblocks.app","CodeBlocks","codeblocks","unreported","https://www.codeblocks.org/","","reverse-dns","medium","Code::Blocks - Code::Blocks","candidate codeblocks.org; rel=1.00"
"com.cristallight.cdlm","Mac CD/DVD Label Maker","mac-cddvd-label-maker","native","https://apps.apple.com/us/app/cd-dvd-label-maker/id438901806?mt=12&uo=4","https://apps.apple.com/us/app/cd-dvd-label-maker/id438901806?mt=12&uo=4","itunes-appstore","high","","MAS: CD DVD Label Maker v2.6.2"
"com.cristallight.ibar","iBarcoder
","ibarcoder","native","https://www.cristallight.com/","","reverse-dns","medium","Cristallight Software - applications for mac, mac barcode generator, cd/dvd label maker, mac wmf and pdf image converter","candidate cristallight.com; rel=0.00"
"com.flyingmeat.Acorn7","Acorn","acorn","native","https://flyingmeat.com/","","reverse-dns","medium","Flying Meat Software - Great Apps for MacOS","candidate flyingmeat.com; rel=0.00"
"com.emtec.zoc8","ZOC","zoc","native","https://emtec.com/","","reverse-dns","medium","EmTec ZOC: SSH Client and Terminal Emulator","candidate emtec.com; rel=1.00"
"com.ReadCube.Papers-Installer","Papers Installer","papers-installer","unreported","https://www.readcube.com/","","reverse-dns","medium","ReadCube Literature Management Solutions","candidate readcube.com; rel=0.00"
"at.techno-grafik.itaskx4","iTaskX","itaskx","native","https://www.techno-grafik.at/","","reverse-dns","medium","Werbeagentur Techno Grafik - Steyregg / Linz / Österreich","candidate techno-grafik.at; rel=0.00"
"com.catalystwo.Popup-Window-Free","Popup Window Free","popup-window-free","unreported","https://catalystwo.com/","","reverse-dns","medium","Catalystwo","candidate catalystwo.com; rel=0.00"
"com.cu4uc.mounty","Mounty for NTFS","mounty-for-ntfs","native","https://cu4uc.com/","","reverse-dns","medium","Metronome Touch","candidate cu4uc.com; rel=0.00"
"com.ugee.Xencelabs","Xencelabs","xencelabs","unreported","https://www.ugee.com/","","reverse-dns","medium","","candidate ugee.com; rel=0.00"
"com.fullcreative.AnywhereWorks","anywhere","anywhere","native","https://full.io/","","reverse-dns","medium","Home - FULL Creative","candidate fullcreative.com; rel=0.00"
"com.sodaplayer.sodaplayer","Soda Player","soda-player","unreported","https://sodaplayer.com/","","reverse-dns","medium","Redirecting...","candidate sodaplayer.com; rel=1.00"
"net.sourceforge.cornerfix.accurawTrial","AccuRaw EXR Trial","accuraw-exr-trial","native","https://www.mcguffogco.com/accurawmac","","web-search","high","","web: Official McGuffog & Company AccuRaw EXR page"
"net.sourceforge.cornerfix.accurawMonoTrial","AccuRaw Monochrome Trial","accuraw-monochrome-trial","native","https://www.mcguffogco.com/accurawmonochromemac","","web-search","high","","web: Official McGuffog & Company AccuRaw Monochrome page"
"com.alinofsoftware.alinofarchivesdemo","Alinof Archives demo","alinof-archives-demo","native","https://alinofsoftware.com/","","reverse-dns","medium","Welcome","candidate alinofsoftware.com; rel=0.33"
"com.missiveapp.osx","Missive","missive","native","https://missiveapp.com/","","reverse-dns","medium","Missive · Inbox collaboration for teams that run on email","candidate missiveapp.com; rel=1.00"
"com.syniumsoftware.macfamilytree9","MacFamilyTree 9 Demo","macfamilytree-9-demo","native","https://www.syniumsoftware.com/","","reverse-dns","medium","Synium Software - Best Apps for Mac, iPhone and iPad","candidate syniumsoftware.com; rel=0.00"
"org.sveinbjorn.FastDMG","FastDMG","fastdmg","native","https://sveinbjorn.org/","","reverse-dns","medium","| Sveinbjorn Thordarson |","candidate sveinbjorn.org; rel=0.00"
"com.completemagic.combotiffs","CM ComboTIFF","cm-combotiff","native","https://www.completemagic.com/","","reverse-dns","medium","CompleteMagic Apps &#8211; Bringing Productivity to the Mac","candidate completemagic.com; rel=0.00"
"com.dekorra.EazyDraw","EazyDraw","eazydraw","native","https://dekorraproducts.com/","","reverse-dns","medium","DekORRA Mock Rock | Hide pipes, wells, septic, irrigation","candidate dekorra.com; rel=0.00"
"com.mimestream.Mimestream","Mimestream","mimestream","native","https://mimestream.com/","","reverse-dns","medium","Mimestream | A native macOS email client for Gmail","candidate mimestream.com; rel=1.00"
"com.drbuho.Cleaner","BuhoCleaner","buhocleaner","native","https://www.drbuho.com/","","reverse-dns","medium","[Official] Dr.Buho: We design and build simple apps for easing up your digital life.","candidate drbuho.com; rel=0.00"
"com.naarak.ViperFTP","Viper FTP","viper-ftp","native","https://viperftp.com/","","web-search","high","","web: Official Naarak Studio site"
"com.syniumsoftware.screenium3","Screenium 3 Demo","screenium-3-demo","native","http://www.syniumsoftware.com/screenium","https://apps.apple.com/us/app/screenium-3/id921553264?mt=12&uo=4","itunes-seller","high","","MAS: Screenium 3 v3.3.6"
"com.kyocera.printpanel","Kyocera Print Panel","kyocera-print-panel","unreported","https://global.kyocera.com/","","reverse-dns","medium","KYOCERA GROUP GLOBAL SITE","candidate kyocera.com; rel=0.33"
"com.keepa.webextension","Keepa - Price Tracker","keepa-price-tracker","native","https://www.youtube.com/watch?v=42GZ5LNM4CA","https://apps.apple.com/us/app/keepa-price-tracker/id1533805339?mt=12&uo=4","itunes-seller","high","","MAS: Keepa - Price Tracker v4.20"
"com.astro-hq.AstropadMac","Astropad","astropad","native","http://astro-hq.com/","","reverse-dns","medium","","candidate astro-hq.com; rel=0.00"
"com.macosbytes.scoop","Scoop!","scoop","native","https://macosbytes.com/","","reverse-dns","medium","Lock-Pro","candidate macosbytes.com; rel=0.00"
"com.nomicro.PlaySounds","Play Sounds","play-sounds","native","https://nomicro.com/","","reverse-dns","medium","Omicron Software Systems","candidate nomicro.com; rel=0.00"
"com.mcrichter.xmove","Mac-MoVe","mac-move","native","https://www.mcrichter.com/","","reverse-dns","medium","Mark Richter","candidate mcrichter.com; rel=0.00"
"com.macpaw.SupportTool","SupportTool","supporttool","unreported","https://macpaw.com/","","reverse-dns","medium","MacPaw | Making Your Mac Life Simpler","candidate macpaw.com; rel=0.00"
"com.dogecoin.Dogecoin-Qt","Dogecoin-Qt","dogecoin-qt","unreported","https://dogecoin.com/","","reverse-dns","medium","Dogecoin - An open-source peer-to-peer digital currency","candidate dogecoin.com; rel=1.00"
"com.solidus.macsimpleplayerfree","sPlayerFree","splayerfree","native","https://solidus.com/","","reverse-dns","medium","Solidus • Experts in solid board and paper-based circular packaging","candidate solidus.com; rel=0.00"
"com.catalinux.bg3d","Backgammon Reloaded 3D","backgammon-reloaded-3d","unreported","https://apps.apple.com/us/app/backgammon-reloaded-3d/id1218036582","https://apps.apple.com/us/app/backgammon-reloaded-3d/id1218036582","web-search","high","","web: Mac App Store (primary distribution, Catalin Stan)"
"com.iridientdigital.IridientXTransformer","Iridient X-Transformer","iridient-x-transformer","unreported","https://iridientdigital.com/","","reverse-dns","medium","Iridient Digital","candidate iridientdigital.com; rel=0.50"
"com.tenorshare.ReiBoot","ReiBoot","reiboot","unreported","https://www.tenorshare.com/","","reverse-dns","medium","[OFFICIAL]Tenorshare - Focus on Smartphone, Windows and Mac Data Solutions | AI & PDF Innovations","candidate tenorshare.com; rel=0.00"
"com.macromedia.Flash Player Debugger.app","Flash Player Debugger","flash-player-debugger","unreported","https://www.adobe.com/support/flashplayer/debug_downloads.html","","web-search","medium","","web: Adobe official Flash Player debug downloads page (vendor page; product now end-of-life)"
"com.logmein.GoToMeeting","GoToMeeting (18425)","gotomeeting-18425","unreported","https://www.logmein.com/","","reverse-dns","medium","LogMeIn: Remote Access Software &amp; Remote Support Solutions","candidate logmein.com; rel=0.00"
"com.cf.dff","Duplicate File Finder & Remover","duplicate-file-finder-and-remover","unreported","https://www.cleverfiles.com","https://apps.apple.com/us/app/cleverfiles-duplicates-finder/id1152611077?mt=12&uo=4","itunes-seller","high","","MAS: CleverFiles Duplicates Finder v2.0"
"nl.albelli.apc","Albelli Fotoboeken","albelli-fotoboeken","native","https://www.albelli.nl/","","reverse-dns","medium","Albelli.nl | -25% korting op fotoboeken en wanddecoratie vanaf €40","candidate albelli.nl; rel=1.00"
"com.sonos.macController2","Sonos","sonos","unreported","https://www.sonos.com/en-us/home","","reverse-dns","medium","","candidate sonos.com; rel=1.00"
"com.paragon-software.FirewallApp","Firewall","firewall","unreported","https://www.paragon-software.com/","https://apps.apple.com/us/app/firewall-network-monitor/id1477597795?mt=12&uo=4","itunes-seller","high","","MAS: Firewall - Network Monitor v2.2"
"de.sberg.electron.kvben","KVBeN3","kvben3","native","http://sberg.de/","","reverse-dns","medium","","candidate sberg.de; rel=0.00"
"com.fiplab.drivemanager","Drive Clean","drive-clean","unreported","https://fiplab.com/","","reverse-dns","medium","FIPLAB — Mac &amp; iOS Apps","candidate fiplab.com; rel=0.00"
"com.rockysandstudio.Battery-Diag","Battery Monitor","battery-monitor","native","https://rockysandstudio.com/","","reverse-dns","medium","Rocky Sand Studio - Amazing Apps for Mac OS X","candidate rockysandstudio.com; rel=0.00"
"com.pcv-soft.mac.mcsolitaire","McSolitaire","mcsolitaire","unreported","https://pcv-soft.com/","","reverse-dns","medium","Home","candidate pcv-soft.com; rel=0.00"
"com.nomachine.nxdock","NoMachine","nomachine","unreported","https://www.nomachine.com/","","reverse-dns","medium","Free Remote Desktop for Everybody - NoMachine","candidate nomachine.com; rel=1.00"
"com.superpowered.app","Superpowered","superpowered","unreported","https://superpowered.com/","","reverse-dns","medium","Build Low Latency Audio-centric Apps for Mobile, Web, Desktop and Embedded from One API | Superpowered","candidate superpowered.com; rel=1.00"
"com.dashui.mac.KeyboardExercise","Exercise","exercise","native","http://dashui.com/","","reverse-dns","medium","dashui.com","candidate dashui.com; rel=0.00"
"com.better365.autoinput","AutoSwitchInput","autoswitchinput","native","https://www.better365.cn","https://apps.apple.com/us/app/autoswitchinput/id1470350547?mt=12&uo=4","itunes-seller","high","","MAS: AutoSwitchInput v2.3.5"
"com.tdx.tdxiMac","Tdx TdxiMac","tdx-tdximac","unreported","https://www.tdx.com.cn/soft.html","","web-search","high","","web: Official 通达信 (Shenzhen Fortune Trend) download center"
"com.norbyte.iPastelsFreeMAS","iPastels","ipastels","unreported","https://norbyte.com/","","reverse-dns","medium","Norbyte","candidate norbyte.com; rel=0.00"
"com.aunbox.ScreenRec","Aunbox ScreenRec","aunbox-screenrec","unreported","https://www.recmaster.net/","","web-search","medium","","web: Suzhou Aunbox Software's screen recorder (RecMaster); bundleId com.aunbox.ScreenRec maps to the same vendor/product category"
"com.RootRiseTechnologies.XPS-to-PDF-Lite","XPS-to-PDF Lite","xps-to-pdf-lite","unreported","https://apps.apple.com/us/app/xps-to-pdf-lite/id849734925?mt=12","https://apps.apple.com/us/app/xps-to-pdf-lite/id849734925?mt=12","web-search","high","","web: Mac App Store (RootRise Technologies); vendor site rootrisetech.com"
"com.cronlygames.ludo.mac","Ludo-desktop","ludo-desktop","unreported","https://cronlygames.com/","","reverse-dns","medium","CronlyGames &#8211; We do games monthly, weekly, or even daily!","candidate cronlygames.com; rel=0.00"
"com.tencent.snip","Snip","snip","unreported","https://apps.apple.com/us/app/snip/id512505421?mt=12&uo=4","https://apps.apple.com/us/app/snip/id512505421?mt=12&uo=4","itunes-appstore","high","","MAS: Snip v2.0"
"com.yuchens.findmystockLite","findMyStock","findmystock","unreported","http://www.xgpiao.net","https://apps.apple.com/us/app/%E9%80%89%E8%82%A1%E5%A5%BD%E5%B8%AE%E6%89%8Bfree-%E8%82%A1%E7%A5%A8-%E7%9F%AD%E7%BA%BF%E9%80%89%E8%82%A1-%E7%83%AD%E7%82%B9%E6%A8%A1%E5%9E%8B%E9%80%89%E8%82%A1/id789200963?mt=12&uo=4","itunes-seller","high","","MAS: 选股好帮手Free(股票:短线选股,热点模型选股) v1.40"
"com.lantern.wifimasterkey","WiFiMasterKey","wifimasterkey","unreported","http://www.lantern.com/","","reverse-dns","medium","lantern.com","candidate lantern.com; rel=0.00"
"com.tiddlywiki","TiddlyDesktop","tiddlydesktop","unreported","https://tiddlywiki.com/","","reverse-dns","medium","TiddlyWiki v5.4.0 — a non-linear personal web notebook","candidate tiddlywiki.com; rel=0.00"
"com.internxt.drive","Internxt Drive","internxt-drive","unreported","https://internxt.com/","","reverse-dns","medium","Internxt — Best Encrypted cloud storage &amp; more","candidate internxt.com; rel=0.50"
"org.airvpn.eddie.ui","Eddie","eddie","unreported","https://airvpn.org/","","reverse-dns","medium","AirVPN - The air to breathe the real Internet - AirVPN","candidate airvpn.org; rel=0.00"
"com.sap.platin.installer","SAP GUI for Java Installer","sap-gui-for-java-installer","unreported","https://www.sap.com/index.html","","reverse-dns","medium","SAP Software Solutions | Business Applications and Technology","candidate sap.com; rel=0.20"
"com.yuque.app","Yuque App","yuque-app","unreported","https://www.yuque.com/browser_upgrade?origin_url=%2F","","reverse-dns","medium","语雀","candidate yuque.com; rel=0.50"
"com.cutedgesystems.BigSur.OpenVPNEnabler","OpenVPN Enabler","openvpn-enabler","native","https://cutedgesystems.com/","","reverse-dns","medium","Cutedge Systems","candidate cutedgesystems.com; rel=0.00"
"com.pinegrow.pinegrow","Pinegrow","pinegrow","unreported","https://pinegrow.com/","","reverse-dns","medium","Pinegrow Web Editor | Website Builder for Professionals","candidate pinegrow.com; rel=1.00"
"invision.invision-studio","InVision Studio","invision-studio","unreported","https://invision-studio.com/","","reverse-dns","medium","","candidate invision-studio.com; rel=1.00"
"com.synthesiallc.synthesia","Synthesia","synthesia","unreported","https://synthesiagame.com/","","web-search","high","","web: Official site (Synthesia LLC piano trainer)"
"cz.paperbunker.thepillar","The Pillar","the-pillar","native","https://paperbunker.cz","https://apps.apple.com/us/app/the-pillar/id1471313227?uo=4","itunes-seller","high","","MAS: The Pillar v1.1.2"
"com.ilexsoft.HighDesignLT","HighDesign Lt","highdesign-lt","native","https://www.ilexsoft.com/","","reverse-dns","medium","ILEXSOFT HighDesign | CAD, Architecture &amp; Design Software","candidate ilexsoft.com; rel=1.00"
"com.basevelocity.mac.RadarScope","RadarScope","radarscope","unreported","https://apps.apple.com/us/app/radarscope/id288419283","https://apps.apple.com/us/app/radarscope/id288419283","web-search","high","","web: Mac App Store (Base Velocity, LLC primary distribution)"
"com.coriolis-systems.iDefrag","iDefrag","idefrag","unreported","https://coriolis-systems.com/","","reverse-dns","medium","Coriolis Systems","candidate coriolis-systems.com; rel=0.00"
"com.taskade","Taskade","taskade","native","https://www.taskade.com/","","reverse-dns","medium","","candidate taskade.com; rel=1.00"
"com.wdc.discovery.mycloud","WD Discovery","wd-discovery","unreported","https://www.westerndigital.com/","","reverse-dns","medium","High-Capacity HDDs for PCs, NAS, Gaming, Data Centers, and AI Data Cycles | WD","candidate wdc.com; rel=0.00"
"com.ilexsoft.HighDesign","HighDesign R6","highdesign-r6","native","https://www.ilexsoft.com/highdesign/index.html","https://apps.apple.com/us/app/highdesign/id939501385?mt=12&uo=4","itunes-seller","high","","MAS: HighDesign v2026.1.0"
"3cxphone14","3CX client","3cx-client","unreported","https://www.3cx.com/","","web-search","high","","web: Official 3CX site (vendor of 3CXPhone/3CX client)"
"com.fleetsmith.agent.ui","Fleetsmith","fleetsmith","unreported","https://business.apple.com/","","reverse-dns","medium","Better Business Management Ahead - Apple Business","candidate fleetsmith.com; rel=1.00"
"com.chaoshidai.macDHF","DHF3.0","dhf30","unreported","https://www.360dhf.cn/","","web-search","high","","web: Official site of 大黄蜂云课堂 / Shenzhen Chaoshidai (DHFPlayer)"
"net.wz2100.Warzone2100","Warzone 2100","warzone-2100","native","https://wz2100.net/","","reverse-dns","medium","Warzone 2100: A Free And Open Source Real-Time Strategy Game","candidate wz2100.net; rel=1.00"
"com.toggl.toggldesktop.TogglDesktop","Toggl Track","toggl-track","unreported","https://toggl.com/","","reverse-dns","medium","Toggl Track: Time Tracking Software for Any Workflow","candidate toggl.com; rel=1.00"
"com.peterborgapps.Smultron12","Smultron","smultron","native","https://www.peterborgapps.com/","","reverse-dns","medium","Peter Borg Apps","candidate peterborgapps.com; rel=0.00"
"com.github.qv2ray","Qv2ray","qv2ray","native","https://github.com/Qv2ray/Qv2ray","","web-search","high","","web: Official GitHub repository"
"com.psequel.PSequel","PSequel","psequel","unreported","https://psequel.com/","","reverse-dns","medium","PSequel, a PostgreSQL GUI Tool for macOS","candidate psequel.com; rel=1.00"
"com.getlantern.lantern","Lantern","lantern","unreported","https://lantern.io/","","reverse-dns","medium","Lantern | Unlock the full internet","candidate getlantern.com; rel=1.00"
"io.coressh.tunnel","Core Tunnel","core-tunnel","native","https://codinn.com/tunnel","https://apps.apple.com/us/app/core-tunnel/id1354318707?mt=12&uo=4","itunes-seller","high","","MAS: Core Tunnel v4.0.2"
"org.eclipse.oomph.setup.installer.product.with-jre.restricted","Eclipse-inst","eclipse-inst","unreported","https://www.eclipse.org/","","reverse-dns","medium","Eclipse Foundation | Powering Open Innovation","retry candidate eclipse.org"
"com.azureus.vuze","Vuze","vuze","unreported","http://www.vuze.com/","","reverse-dns","medium","Vuze Bittorrent Client - The Most Powerful Bittorrent Software on Earth","candidate azureus.com; rel=1.00"
"com.daniele.iresize4","iResize4","iresize4","native","http://daniele.com/","","reverse-dns","medium","Dove trovare Daniele Tommei ?","candidate daniele.com; rel=0.00"
"com.stonesoft.VPNClient","Stonesoft VPN Client","stonesoft-vpn-client","unreported","https://www.forcepoint.com/","","web-search","high","","web: Forcepoint (owns Stonesoft NGFW VPN Client); official support docs at support.forcepoint.com"
"com.kryolokovlin.Noizio","Noizio","noizio","native","https://noizioapp.com/","","web-search","high","","web: Official site (ambient sound app)"
"net.langui.snailsvn","SnailSVN","snailsvn","native","https://langui.net/","","reverse-dns","medium","Langui.net","candidate langui.net; rel=0.00"
"com.DAZ.DazCentral","DazCentral","dazcentral","unreported","https://www.daz3d.com/install-manager-info","","web-search","high","","web: Official Daz 3D site (DazCentral content manager)"
"com.DAZ.DAZStudio","DAZStudio","dazstudio","unreported","https://www.daz3d.com/get_studio","","web-search","high","","web: Official Daz 3D download page for Daz Studio"
"com.googlecode.mactlmgr.tlu","TeX Live Utility","tex-live-utility","native","https://github.com/amaxwell/tlutility","","web-search","high","","web: Official GitHub repo (amaxwell/tlutility); bundleId com.googlecode.mactlmgr matches former Google Code home"
"com.objectiveSee.OverSight-Installer","OverSight_Installer","oversightinstaller","unreported","https://objectivesee.com/","","reverse-dns","medium","","candidate objectivesee.com; rel=0.00"
"cn.airportal","AirPortal","airportal","native","https://www.airportal.cn/","","reverse-dns","medium","AirPortal 空投快传","candidate airportal.cn; rel=1.00"
"net.glencode.Particulars","Particulars","particulars","native","https://particulars.app","https://apps.apple.com/us/app/particulars/id885120167?mt=12&uo=4","itunes-seller","high","","MAS: Particulars v68"
"com.freeyourmusic.app","FreeYourMusic","freeyourmusic","native","https://freeyourmusic.com/","","reverse-dns","medium","Free Your Music: Ultra Simple Transfer of Playlists","candidate freeyourmusic.com; rel=1.00"
"com.yourcompany.WifiMouseServer","WifiMouseServer","wifimouseserver","unreported","http://wifimouse.necta.us/","","web-search","high","","web: Official WiFi Mouse site (necta) hosting Mouse Server download"
"com.zenimaxonline.eso","eso","eso","unreported","https://www.zenimaxonline.com/","","reverse-dns","medium","Home - ZeniMax Online Studios","candidate zenimaxonline.com; rel=0.00"
"com.solidstatenetworks.host","ZeniMax Online Studios Launcher","zenimax-online-studios-launcher","unreported","https://solidstatenetworks.com/","","reverse-dns","medium","Solid State Networks &#8211; Continuous Delivery Beyond the Edge. Securely extend and automate your software deployment ","candidate solidstatenetworks.com; rel=0.00"
"name.tuley.jay.cdto","cd to","cd-to","unreported","https://tuley.com/","","reverse-dns","medium","tuley.com","candidate tuley.com; rel=0.00"
"com.alinofsoftware.alinoftimer","AS Timer","as-timer","native","https://alinofsoftware.com/","","reverse-dns","medium","Welcome","candidate alinofsoftware.com; rel=0.00"
"com.sonarworks.soundid.reference.systemwide","SoundID Reference","soundid-reference","unreported","https://www.sonarworks.com/","","reverse-dns","medium","","candidate sonarworks.com; rel=0.00"
"com.harrisonconsoles.Mixbus32C-7","Mixbus32C-7","mixbus32c-7","unreported","https://www.harrisonaudio.com/","","reverse-dns","medium","Harrison Audio","candidate harrisonconsoles.com; rel=0.00"
"com.audient.id","iD","id","native","https://audient.com/","","reverse-dns","medium","","candidate audient.com; rel=0.00"
"com.Gobbler.Gobbler2","Gobbler2","gobbler2","unreported","https://gobbler.com/","","reverse-dns","medium","","candidate gobbler.com; rel=0.00"
"com.rockysandstudio.DeskApp-for-Gmail","Mail for Gmail","mail-for-gmail","unreported","https://rockysandstudio.com/","","reverse-dns","medium","Rocky Sand Studio - Amazing Apps for Mac OS X","candidate rockysandstudio.com; rel=0.33"
"com.amixcapital.AirconsoleOSX","AirconsoleOSX","airconsoleosx","unreported","https://www.get-console.com/airconsole/","","web-search","high","","web: Official Get Console / Airconsole site (AirconsoleOSX virtual serial port app)"
"com.trendmicro.tmsm.MainUI","TrendMicroSecurity","trendmicrosecurity","unreported","https://www.trendmicro.com/en_us/business.html","","reverse-dns","medium","Trend Micro (US) | Global Enterprise AI Cybersecurity Platform","candidate trendmicro.com; rel=0.00"
"org.mellow.mellow","Mellow","mellow","unreported","https://mellow.com/","","reverse-dns","medium","","candidate mellow.com; rel=1.00"
"com.iqiyi.player","Iqiyi Player","iqiyi-player","unreported","https://www.iqiyi.com/","","reverse-dns","medium","爱奇艺 iQIYI-热门独播剧集在线观看","candidate iqiyi.com; rel=0.50"
"com.clipmenu.ClipMenu","ClipMenu","clipmenu","unreported","https://www.clipmenu.com/","","web-search","high","","web: Official site (naotaka's clipboard manager); matches bundleId"
"nl.softwhere.billable","Billable","billable","unreported","https://getbillable.com","https://apps.apple.com/us/app/billable-time-tracker/id1549238888?mt=12&uo=4","itunes-seller","high","","MAS: Billable - Time Tracker v1.3.2"
"sddda.Plex","Plex","plex","unreported","https://plex.rockwellautomation.com/en-us.html","","reverse-dns","medium","Plex Smart Manufacturing Platform | Rockwell Automation | Plex | US","candidate plex.com; rel=1.00"
"com.alix-sarl.TripMode","TripMode","tripmode","native","https://tripmode.ch/","","reverse-dns","medium","TripMode - Save data, browse faster","candidate alix-sarl.com; rel=1.00"
"com.hipsterwhale.crossycastle.macos","Crossy Road Castle","crossy-road-castle","unreported","http://crossyroadcastle.com","https://apps.apple.com/us/app/crossy-road-castle/id1489275350?mt=12&uo=4","itunes-seller","high","","MAS: Crossy Road Castle v12.1"
"com.zhan.mokao","Zhan Mokao","zhan-mokao","unreported","https://www.zhan.com/","","reverse-dns","medium","小站教育-专注托福培训_雅思培训_SAT GRE出国留学考试培训14年 - 小站教育","candidate zhan.com; rel=0.50"
"com.visualdatatools.datagraph","DataGraph","datagraph","native","https://visualdatatools.com/","","reverse-dns","medium","Visual Data Tools | Software for macOS","candidate visualdatatools.com; rel=0.00"
"TrojanX","TrojanX","trojanx","unreported","https://github.com/JimLee1996/TrojanX","","web-search","high","","web: Primary official GitHub repo (Trojan client for macOS, ported from ShadowsocksX-NG)"
"org.eclipse.jdt.internal.jarinjarloader","TouchPortal","touchportal","unreported","https://www.eclipse.org/","","reverse-dns","medium","Eclipse Foundation | Powering Open Innovation","retry candidate eclipse.org"
"com.tuyenmai.openkey","OpenKey","openkey","native","https://www.tuyenmai.com/","","reverse-dns","medium","Tuyến Mai Bất Động Sản &#8211; Website chính thức","candidate tuyenmai.com; rel=0.00"
"com.corel.coreldrawsuite.2021.fontmanager","Corel Font Manager 2021","corel-font-manager-2021","unreported","https://www.corel.com/en/","","reverse-dns","medium","Corel","candidate corel.com; rel=0.25"
"com.corel.coreldrawsuite.2021.photopaint","Corel PHOTO-PAINT 2021","corel-photo-paint-2021","unreported","https://www.corel.com/en/","","reverse-dns","medium","Corel","candidate corel.com; rel=0.25"
"com.intel.PowerGadget","Intel Power Gadget","intel-power-gadget","unreported","https://www.intel.com/content/www/us/en/homepage.html","","reverse-dns","medium","Intel Inside - Built for AI","candidate intel.com; rel=0.33"
"tracesOf.Uebersicht","TracesOf Uebersicht","tracesof-uebersicht","native","https://tracesof.net/uebersicht/","","web-search","high","","web: Official site; matches bundleId tracesOf.Uebersicht (source at github.com/felixhageloh/uebersicht)"
"com.jbapps.MangoMacos","LensOCR","lensocr","native","https://www.jbapps.com/","","reverse-dns","medium","","candidate jbapps.com; rel=0.00"
"net.sourceforge","Avogadro","avogadro","unreported","https://avogadro.cc/","","web-search","high","","web: Official project site (molecular editor); also SourceForge/GitHub"
"myssh","FinalShell","finalshell","unreported","https://www.hostbuf.com/","","web-search","high","","web: Official site (hostbuf, FinalShell SSH client)"
"io.ptkdev.socialmanagertools","Social Manager Tools","social-manager-tools","unreported","https://ptkdev.io/","","reverse-dns","medium","Patryk Developer - Blog","candidate ptkdev.io; rel=0.00"
"com.sonarworks.True-Fi","True-Fi","true-fi","unreported","https://www.sonarworks.com/","","reverse-dns","medium","","candidate sonarworks.com; rel=0.00"
"com.choma-q.vista3","Vista","vista","unreported","https://www.vistabychromaq.com/","","web-search","high","","web: Official site; bundleId choma-q.vista3 = Vista 3 by Chroma-Q lighting control (confirmed macOS download)"
"cn.futu.Niuniu","FutuNiuniu","futuniuniu","unreported","http://futu.com/","","reverse-dns","medium","FUTU.com","candidate futu.com; rel=0.00"
"com.electron.foundryvtt","FoundryVTT","foundryvtt","unreported","https://foundryvtt.com/","","web-search","high","","web: Official Foundry Virtual Tabletop site"
"com.Gerrit.sixtyforce","sixtyforce","sixtyforce","unreported","https://gerrit.com/","","reverse-dns","medium","","candidate gerrit.com; rel=0.00"
"com.IdeaPunch.Hologram","Hologram Desktop","hologram-desktop","native","https://gethologram.com?utm_source=app_store","https://apps.apple.com/us/app/hologram-desktop/id1529001798?mt=12&uo=4","itunes-seller","high","","MAS: Hologram Desktop v1.9.0"
"com.GrizzlyGamer.RMAWhellcum","Robin Morningwood Adventure","robin-morningwood-adventure","unreported","https://store.steampowered.com/app/1457220/","","web-search","high","","web: Steam store page (Grizzly Gamer; bundleId RMAWhellcum references the game's Whellcum village)"
"com.naverisk.agent","NAS","nas","unreported","https://www.naverisk.com/","","reverse-dns","medium","Naverisk | RMM/Service Desk/PSA | Free Data Protect","candidate naverisk.com; rel=0.00"
"com.ju-x.Hosting-AU","Hosting AU","hosting-au","unreported","https://ju-x.com/","","reverse-dns","medium","Ju-X - Experimental Music Apps","candidate ju-x.com; rel=0.00"
"com.pfrazee.beaker-browser","Beaker Browser","beaker-browser","unreported","https://www.pfrazee.com/","","reverse-dns","medium","Paul&#x27;s Dev Notes","candidate pfrazee.com; rel=0.00"
"com.soundradix.-2-Lives","32 Lives","32-lives","unreported","https://www.soundradix.com/","","reverse-dns","medium","Sound Radix","candidate soundradix.com; rel=0.00"
"com.sogou.SogouWBInstaller","SogouWBInstaller","sogouwbinstaller","unreported","https://sogou.com/","","reverse-dns","medium","搜狗搜索引擎 - 上网从搜狗开始","candidate sogou.com; rel=0.00"
"com.freron.MailMate","MailMate","mailmate","native","https://freron.com/","","reverse-dns","medium","MailMate","candidate freron.com; rel=1.00"
"com.sweetpproductions.Roster","Roster","roster","native","https://sweetpproductions.com/","","reverse-dns","medium","SweetP Productions — Mac Privacy & Utility Apps","candidate sweetpproductions.com; rel=0.00"
"com.sweetpproductions.ScreenSaverStart","ScreenSaver Start","screensaver-start","native","https://sweetpproductions.com/","","reverse-dns","medium","SweetP Productions — Mac Privacy & Utility Apps","candidate sweetpproductions.com; rel=0.00"
"com.iwaxx.LanScan","LanScan","lanscan","native","https://apps.apple.com/us/app/lanscan/id472226235?mt=12","","reverse-dns","medium","‎LanScan App - App Store","candidate iwaxx.com; rel=1.00"
"com.yellowmug.SnapNDrag","SnapNDrag Pro","snapndrag-pro","unreported","http://yellowmug.com/snapndrag","https://apps.apple.com/us/app/snapndrag-pro-screenshot/id430397512?mt=12&uo=4","itunes-seller","high","","MAS: SnapNDrag Pro Screenshot v4.5.3"
"org.bino3d","Bino","bino","unreported","https://bino3d.org/","","reverse-dns","medium","bino - about","candidate bino3d.org; rel=1.00"
"org.fritzing.Fritzing","Fritzing","fritzing","unreported","https://fritzing.org/","","web-search","high","","web: Official site; matches bundleId org.fritzing.Fritzing"
"com.dehirn.StatsWidget","StatsWidget","statswidget","native","https://apps.apple.com/us/app/statswidget/id1016291121?mt=12&uo=4","https://apps.apple.com/us/app/statswidget/id1016291121?mt=12&uo=4","itunes-appstore","high","","MAS: StatsWidget v2.2"
"com.anomes.millumin.v2","Millumin3","millumin3","native","https://www.millumin.com/v5/index.php","","reverse-dns","medium","Millumin :: create audiovisual and interactive shows","candidate anomes.com; rel=0.00"
"com.install4j.9968-4488-2169-7623.18","thinkorswim","thinkorswim","unreported","https://www.schwab.com/trading/thinkorswim/desktop","","web-search","high","","web: Official Charles Schwab thinkorswim desktop page"
"com.kitze.sizzy-setapp","Sizzy","sizzy","native","https://kitze.com/","","reverse-dns","medium","Ihr Partner für Industrieverpackungen, Metall und Kunststoffbearbeitung","candidate kitze.com; rel=0.00"
"com.shullian.getlyrical","Get Lyrical","get-lyrical","unreported","https://shullian.com/","","reverse-dns","medium","SP - Home","candidate shullian.com; rel=0.00"
"com.zhangguangjian.flowchart3","Flowchart Designer 3","flowchart-designer-3","unreported","https://apps.apple.com/us/app/flowchart-designer-3/id1512570906","https://apps.apple.com/us/app/flowchart-designer-3/id1512570906","web-search","high","","web: Mac App Store (Zhang Guangjian; primary distribution, no vendor site)"
"com.thewanderingcoel.trojan-qt5","Trojan-Qt5","trojan-qt5","unreported","https://github.com/Trojan-Qt5/Trojan-Qt5","","web-search","high","","web: Official GitHub org (original TheWanderingCoel repo archived; project continues under Trojan-Qt5 org)"
"com.yukkurigames.Enjoyable","Enjoyable","enjoyable","unreported","https://yukkurigames.com/","","reverse-dns","medium","Yukkuri Games","candidate yukkurigames.com; rel=0.00"
"com.tencent.mac.weiyun","Weiyun","weiyun","unreported","https://www.tencent.com/","","reverse-dns","medium","Tencent 腾讯","candidate tencent.com; rel=0.00"
"com.greentreeapplications.ytd","YTD","ytd","unreported","https://greentreeapplications.com/","","reverse-dns","medium","Greentree Applications - YTD Video Downloader","candidate greentreeapplications.com; rel=1.00"
"com.contec.SPO2","SPO2","spo2","unreported","https://contechealth.com/","","web-search","high","","web: Official manufacturer site (CONTEC Medical, SpO2 pulse oximeter software)"
"jp.co.trendy.sdformatter","SDFormatter","sdformatter","unreported","https://co.com/","","reverse-dns","medium","co.com","candidate co.com; rel=0.00"
"kr.mintech.SamyangLensManagertest","SamyangLensManager","samyanglensmanager","unreported","https://mintech.com/","","reverse-dns","medium","MinTech Enterprises &#8211; Challenge the Status Quo.","candidate mintech.com; rel=0.00"
"com.sony.FirmwareUpdater","LensSystemSoftwareUpdater","lenssystemsoftwareupdater","unreported","https://www.sony.com/en/","","reverse-dns","medium","Home - Sony Group Portal","candidate sony.com; rel=0.00"
"com.sogou.SogouInstaller","SogouInstaller","sogouinstaller","native","https://sogou.com/","","reverse-dns","medium","搜狗搜索引擎 - 上网从搜狗开始","candidate sogou.com; rel=0.00"
"com.bio-rad.ImageLab","Image Lab","image-lab","unreported","https://www.bio-rad.com/","","reverse-dns","medium","Leading Life Science Research &amp; Clinical Diagnostics | Bio-Rad","candidate bio-rad.com; rel=0.00"
"com.jackboxgames.jackboxpartypack3","The Jackbox Party Pack 3","the-jackbox-party-pack-3","unreported","http://jackboxgames.com/project/jbpp3/","https://apps.apple.com/us/app/the-jackbox-party-pack-3/id1156513849?mt=12&uo=4","itunes-seller","high","","MAS: The Jackbox Party Pack 3 v1.0.1"
"com.systweak.appstore.aum","Advanced Uninstall Manager","advanced-uninstall-manager","unreported","https://www.systweak.com/","","reverse-dns","medium","Systweak Software | Digital Productivity & Security Software","candidate systweak.com; rel=0.00"
"com.bartelsmedia.ShareMouse","ShareMouse","sharemouse","native","https://www.bartelsmedia.com/","","reverse-dns","medium","Bartels Media - Text Expander, Automation Software, Productivity Solutions","candidate bartelsmedia.com; rel=0.00"
"com.getcoldturkey.blocker","Cold Turkey Blocker","cold-turkey-blocker","native","https://getcoldturkey.com/","","reverse-dns","medium","Cold Turkey - The Toughest Website & App Blocker on the Internet","candidate getcoldturkey.com; rel=1.00"
"com.VanSpace3D.VanSpace3DBETA","VanSpace3DBETA","vanspace3dbeta","unreported","https://www.vanspace3d.com/","","reverse-dns","medium","vanspace 3D - #1 Van Design Software to Create Camper Van Layouts","candidate vanspace3d.com; rel=0.00"
"com.bitdefender.uninstallerui","BitdefenderUninstaller","bitdefenderuninstaller","native","https://www.bitdefender.com/en-us/","","reverse-dns","medium","Bitdefender - Global Leader in Cybersecurity Software","candidate bitdefender.com; rel=0.00"
"com.tapbots.Tweetbot3Mac","Tweetbot","tweetbot","native","https://tapbots.com/","","reverse-dns","medium","Tapbots","candidate tapbots.com; rel=0.00"
"com.happenapps.Quiver","Quiver","quiver","unreported","https://yliansoft.com/","","reverse-dns","medium","yliansoft","candidate happenapps.com; rel=0.00"
"QReader.MarginNoteMac","MarginNote 2 Pro","marginnote-2-pro","unreported","https://www.marginnote.com/","","web-search","high","","web: Official site (MarginNote, by QReader); bundleId QReader.MarginNoteMac matches"
"net.shrew.vpn.qikea","Shrew Soft VPN Access Manager","shrew-soft-vpn-access-manager","unreported","https://shrew.net/","","reverse-dns","medium","Shrew Soft Inc : RECENT NEWS","candidate shrew.net; rel=0.40"
"com.westerndigital.WDDriveUtilityInstaller","WD Drive Utilities Installer","wd-drive-utilities-installer","unreported","https://www.westerndigital.com/","","reverse-dns","medium","High-Capacity HDDs for PCs, NAS, Gaming, Data Centers, and AI Data Cycles | WD","candidate westerndigital.com; rel=0.00"
"com.wdc.branded.security","WD Security","wd-security","unreported","https://www.westerndigital.com/","","reverse-dns","medium","High-Capacity HDDs for PCs, NAS, Gaming, Data Centers, and AI Data Cycles | WD","candidate wdc.com; rel=0.00"
"com.westerndigital.WDSecurityInstaller","WD Security Installer","wd-security-installer","unreported","https://www.westerndigital.com/","","reverse-dns","medium","High-Capacity HDDs for PCs, NAS, Gaming, Data Centers, and AI Data Cycles | WD","candidate westerndigital.com; rel=0.00"
"com.martinjrpowlette.macos.PlayOff","PlayOff","playoff","unreported","https://apps.apple.com/us/app/playoff/id1324608384","https://apps.apple.com/us/app/playoff/id1324608384","web-search","high","","web: Mac App Store (Martin Jr Powlette; Apple Music handoff app)"
"tv.pluto.mac","Pluto TV","pluto-tv","unreported","https://pluto.tv/","","reverse-dns","medium","Pluto TV: Watch Free Movies, TV Shows &amp; Live TV Online","candidate pluto.tv; rel=1.00"
"com.stairways.keyboardmaestro.editor","Keyboard Maestro","keyboard-maestro","native","https://www.stairways.com/main/","","reverse-dns","medium","Stairways Software: Excellence In Software &ndash; Only with a Mac","candidate stairways.com; rel=0.00"
"cenmrev.V2RayX","V2RayX","v2rayx","unreported","https://v2rayx.com/","","reverse-dns","medium","V2RayX 免费节点订阅｜每日更新 · 高速稳定 V2Ray 配置","candidate v2rayx.com; rel=1.00"
"com.macpaw.CleanMyDrive","CleanMyDrive 2","cleanmydrive-2","unreported","https://macpaw.com/","","reverse-dns","medium","MacPaw | Making Your Mac Life Simpler","candidate macpaw.com; rel=0.00"
"com.macpaw.Encrypto","Encrypto","encrypto","unreported","https://macpaw.com/","","reverse-dns","medium","MacPaw | Making Your Mac Life Simpler","candidate macpaw.com; rel=0.00"
"com.install4j.2808-3192-8317-6670.39","Review Manager 5.4","review-manager-54","unreported","https://training.cochrane.org/online-learning/core-software/revman","","web-search","high","","web: Official Cochrane RevMan (Review Manager) page"
"com.rockysandstudio.DeskApp-for-YouTube","DeskApp for YouTube","deskapp-for-youtube","unreported","https://rockysandstudio.com/","","reverse-dns","medium","Rocky Sand Studio - Amazing Apps for Mac OS X","candidate rockysandstudio.com; rel=0.33"
"com.heliconsoft.heliconfocus","HeliconFocus","heliconfocus","unreported","https://www.heliconsoft.com/","","reverse-dns","medium","Intelligent Software For Photographers - Helicon Soft | Helicon Soft Website","candidate heliconsoft.com; rel=0.00"
"com.transcend.JetDriveToolbox","JetDriveToolbox","jetdrivetoolbox","unreported","https://www.transcend.com/","","reverse-dns","medium","Transcend, Inc.","candidate transcend.com; rel=0.00"
"com.derlien.DiskInventoryX","Disk Inventory X","disk-inventory-x","unreported","https://derlien.com/","","reverse-dns","medium","Disk Inventory X","candidate derlien.com; rel=1.00"
"com.electron.shadow-alpha","Shadow Alpha","shadow-alpha","native","https://shadow.tech/","","web-search","medium","","web: Shadow cloud gaming (shadow.tech); 'alpha' = beta channel build of the Shadow app"
"games.captivate.huddle","Teamflow","teamflow","unreported","https://www.captivate.com/","","reverse-dns","medium","","candidate captivate.com; rel=0.00; PARKED?"
"org.octave-app.Octave","Octave-6.2.0","octave-620","unreported","https://octave-app.org/","","reverse-dns","medium","Octave.app | A native Mac app distribution of GNU Octave","candidate octave-app.org; rel=1.00"
"com.zive.kiwi","Kiwi for Gmail","kiwi-for-gmail","unreported","https://www.docebo.com/products/agenthub/","","reverse-dns","medium","","candidate zive.com; rel=0.00"
"me.tristanedwards.codespace","Codespace","codespace","unreported","https://t4t5.com/","","reverse-dns","medium","T4T5","candidate tristanedwards.me; rel=0.00"
"com.dustinsenos.littleipsum","LittleIpsum","littleipsum","unreported","https://www.dustinsenos.com/","","reverse-dns","medium","Dustin Senos’ Musings of Engineering, Art & Life.","candidate dustinsenos.com; rel=0.00"
"com.timeular.zei","Timeular","timeular","unreported","https://early.app/","","reverse-dns","medium","EARLY: Time Tracking That Doesn&#039;t Make You Want to Cry","candidate timeular.com; rel=1.00"
"com.zbudniewek.1440","1440","1440","unreported","https://1440app.com/","","web-search","high","","web: Official site; bundleId com.zbudniewek.1440 matches the menu-bar day-countdown app"
"com.AVerMedia.RECentral-Express","RECentral Express","recentral-express","unreported","https://www.avermedia.com/","","reverse-dns","medium","AVerMedia | AI.STREAMING","candidate avermedia.com; rel=0.00"
"com.zhangguangjian.graph","Diagram Weaver","diagram-weaver","unreported","https://apps.apple.com/us/app/diagram-weaver/id1474092248","https://apps.apple.com/us/app/diagram-weaver/id1474092248","web-search","high","","web: Mac App Store (Zhang Guangjian; primary distribution, no vendor site)"
"im.allinone.messenger","All-in-One Messenger","all-in-one-messenger","unreported","https://allinone.com/","","reverse-dns","medium","","candidate allinone.com; rel=0.67"
"com.stick.app.jiggler","Jiggler","jiggler","unreported","https://stick.com/","","reverse-dns","medium","Home of the Chapman Stick© | Stick Enterprises","candidate stick.com; rel=0.00"
"com.knotesapp.knotes","Knotes","knotes","unreported","https://knotesapp.com/","","reverse-dns","medium","Knotes - Efficient reading notes management tool","candidate knotesapp.com; rel=1.00"
"com.zehfernandes.pliim","Pliim","pliim","unreported","https://zehfernandes.com/","","reverse-dns","medium","Zeh Fernandes - Product, Design &amp; Technology","candidate zehfernandes.com; rel=0.00"
"com.grandsoft.MDB-Explorer","MDB Explorer","mdb-explorer","unreported","https://grandsoft.com/","","reverse-dns","medium","grandsoft.com","candidate grandsoft.com; rel=0.00"
"mac.io.kodika.kodika-dev","Kodika","kodika","unreported","https://kodika.io/","","web-search","high","","web: Official website kodika.io (Kodika no-code iOS/Android app builder for Mac/iPad); Mac App Store id1479182473"
"app.unplugalarm.mac","Unplug Alarm","unplug-alarm","unreported","https://unplugalarm.app","https://apps.apple.com/us/app/unplug-alarm-anti-theft-app/id1489026302?mt=12&uo=4","itunes-seller","high","","MAS: Unplug Alarm: Anti-theft App v1.7.1"
"com.techsmith.camtasia3","Camtasia 3","camtasia-3","unreported","https://www.techsmith.com/","","reverse-dns","medium","","candidate techsmith.com; rel=0.00; PARKED?"
"Gvix.PDPopDownClient","pdpop download client","pdpop-download-client","unreported","http://www.pdpop.com/maclient/index_re.php","","web-search","high","","web: Official PDPop (피디팝) Mac download client page (pdpop.com); distributes PDPopDownClient.pkg"
"com.iBeesoft.datarecovery","iBeesoft Data Recovery","ibeesoft-data-recovery","unreported","https://www.ibeesoft.com/","","reverse-dns","medium","iBeesoft Software | Data Recovery, Disk Management, Duplicate File Finder, Backup, File Shredder, and Cleaner","candidate ibeesoft.com; rel=1.00"
"com.vatsaev.touchbar-nyancat","touchbar_nyancat","touchbarnyancat","unreported","https://github.com/avatsaev/touchbar_nyancat","","web-search","high","","web: Official GitHub repo avatsaev/touchbar_nyancat (developer Aslan Vatsaev); Nyan Cat animation for MacBook Pro Touch Bar"
"com.HenryFranks.Pac-Bar","Pac-Bar","pac-bar","unreported","https://github.com/henryefranks/pac-bar","","web-search","high","","web: Official GitHub repo henryefranks/pac-bar (developer Henry Franks); Pac-Man for the MacBook Pro Touch Bar"
"com.krayc.TouchBreakout","TouchBrickout","touchbrickout","unreported","https://apps.apple.com/us/app/touchbrickout/id1314804894?mt=12&uo=4","https://apps.apple.com/us/app/touchbrickout/id1314804894?mt=12&uo=4","itunes-appstore","high","","MAS: TouchBrickout v1.1"
"jp.piyomarusoft.uni-versal2","Uni Detector","uni-detector","unreported","https://apps.apple.com/us/app/uni-detector/id1531249804","https://apps.apple.com/us/app/uni-detector/id1531249804","web-search","high","","web: Mac App Store (primary distribution) by piyomarusoft; universal-binary checker, matches bundle id jp.piyomarusoft.uni-versal2"
"com.paragon-software.Paragon-VMDK-Mounter","Paragon VMDK Mounter","paragon-vmdk-mounter","unreported","https://www.paragon-software.com/","","reverse-dns","medium","Paragon Software | Main page","candidate paragon-software.com; rel=0.33"
"logitech.Unifying-Installer","Unifying Installer","unifying-installer","unreported","https://support.logi.com/hc/en-us/articles/360025297913-Unifying-Software","","web-search","high","","web: Official Logitech support page for Unifying Software (Logitech vendor); note: software now discontinued/unmaintained"